name,KIDS_ID,RAJ2000,DECJ2000,mag,mag_err,zphot,z_min,z_max,score,rms,probability,s*p/10,num_0
LRG_186.2334_0.8467.fits.png,KiDSDR4 J122456.016+005048.05,186.233401,0.846682,17.9561,0.00263611,0.43,0.39,0.45,10.0,0.0,1.0,1.0,0.0
LRG_168.2249_0.1791.fits.png,KiDSDR4 J111253.976+001044.65,168.224904,0.179072,18.2554,0.00246136,0.49,0.46,0.51,10.0,0.0,1.0,1.0,0.0
galaxy_353.89031_-32.4561.fits.png,KiDSDR4 J233533.673-322722.06,353.890307,-32.456128,19.5862,0.00814382,0.67,0.64,0.69,10.0,0.0,0.999,0.999,0.0
LRG_23.60709_-29.9479.fits.png,KiDSDR4 J013425.700-295652.42,23.607086,-29.947897,18.7333,0.00447935,0.59,0.55,0.61,9.4,1.2,1.0,0.94,0.0
LRG_129.88905_-1.6791.fits.png,KiDSDR4 J083933.372-014044.81,129.889052,-1.679115,17.1726,0.0026547,0.62,0.58,0.64,9.4,1.2,1.0,0.94,0.0
LRG_205.13364_-0.6272.fits.png,KiDSDR4 J134032.074-003737.83,205.133643,-0.627175,18.0478,0.00365921,0.4,0.36,0.42,9.4,1.2,1.0,0.94,0.0
galaxy_16.77049_-31.4781.fits.png,KiDSDR4 J010704.918-312841.03,16.770493,-31.478064,20.2486,0.0181535,0.86,0.83,0.88,9.4,1.2,1.0,0.94,0.0
LRG_40.62053_-29.7182.fits.png,KiDSDR4 J024228.926-294305.41,40.620528,-29.718171,19.4218,0.00689878,0.51,0.48,0.53,9.4,1.2,0.999,0.939,0.0
LRG_188.97575_0.9307.fits.png,KiDSDR4 J123554.179+005550.41,188.97575,0.93067,18.4908,0.00396536,0.43,0.39,0.45,8.8,1.47,1.0,0.88,0.0
galaxy_16.52597_-31.0772.fits.png,KiDSDR4 J010606.232-310437.84,16.525969,-31.07718,17.9758,0.00667265,0.7,0.67,0.73,8.8,1.47,0.999,0.879,0.0
LRG_359.36813_-35.337.fits.png,KiDSDR4 J235728.351-352013.03,359.368133,-35.336955,17.2675,0.00653218,0.7,0.67,0.72,8.8,1.47,0.999,0.879,0.0
galaxy_160.59733_0.2559.fits.png,KiDSDR4 J104223.359+001521.24,160.59733,0.2559,20.0009,0.0199025,0.75,0.72,0.78,8.8,1.47,0.998,0.878,0.0
galaxy_348.17626_-33.3885.fits.png,KiDSDR4 J231242.301-332318.44,348.176257,-33.388457,19.8282,0.00975746,0.69,0.65,0.71,8.8,1.47,0.992,0.873,0.0
LRG_33.76672_-28.7135.fits.png,KiDSDR4 J021504.013-284248.57,33.766723,-28.713492,18.5877,0.003442,0.45,0.42,0.47,8.2,1.47,1.0,0.82,0.0
galaxy_136.28057_-0.175.fits.png,KiDSDR4 J090507.336-001029.85,136.28057,-0.17496,19.5882,0.00988238,0.71,0.67,0.73,8.2,1.47,1.0,0.82,0.0
galaxy_43.39242_-28.77.fits.png,KiDSDR4 J025334.181-284611.92,43.392423,-28.769978,19.818,0.0135361,0.64,0.6,0.66,8.2,1.47,0.998,0.818,0.0
galaxy_7.96309_-31.4441.fits.png,KiDSDR4 J003151.142-312638.83,7.963094,-31.44412,19.7441,0.0101775,0.65,0.61,0.67,8.2,1.47,0.997,0.818,0.0
galaxy_13.9184_-29.0118.fits.png,KiDSDR4 J005540.416-290042.46,13.918401,-29.011797,18.4132,0.00299341,0.25,0.22,0.27,8.2,1.47,0.982,0.805,0.0
galaxy_15.73953_-29.1894.fits.png,KiDSDR4 J010257.486-291121.76,15.739527,-29.189379,17.3922,0.00188818,0.39,0.36,0.41,7.6,1.2,1.0,0.76,0.0
galaxy_172.25017_-1.7039.fits.png,KiDSDR4 J112900.041-014214.01,172.250173,-1.703894,19.8947,0.0106474,0.69,0.65,0.71,7.6,1.2,0.996,0.757,0.0
LRG_354.0848_-35.4321.fits.png,KiDSDR4 J233620.351-352555.55,354.084799,-35.4321,19.5212,0.0114211,0.51,0.47,0.53,7.6,1.2,0.99,0.752,0.0
galaxy_350.47015_-27.9105.fits.png,KiDSDR4 J232152.835-275437.68,350.47015,-27.910469,19.6479,0.00778731,0.69,0.66,0.71,7.6,1.2,0.986,0.749,0.0
galaxy_150.28495_2.6749.fits.png,KiDSDR4 J100108.387+024029.67,150.284948,2.67491,19.5126,0.00531857,0.32,0.29,0.35,7.4,2.577,1.0,0.74,0.0
galaxy_355.9107_-33.9448.fits.png,KiDSDR4 J234338.567-335641.44,355.910697,-33.944845,18.2447,0.00227094,0.32,0.29,0.34,7.4,2.577,1.0,0.74,0.0
galaxy_194.64542_-0.7114.fits.png,KiDSDR4 J125834.900-004241.11,194.645418,-0.711421,16.7797,0.00179149,0.27,0.24,0.29,7.4,2.577,1.0,0.74,0.0
galaxy_26.32828_-29.0944.fits.png,KiDSDR4 J014518.788-290539.92,26.328284,-29.094423,19.2876,0.0069364,0.51,0.48,0.54,7.0,0.0,1.0,0.7,0.0
galaxy_170.46699_2.6198.fits.png,KiDSDR4 J112152.078+023711.11,170.466993,2.619754,19.8979,0.00986868,0.55,0.51,0.57,7.0,0.0,0.999,0.699,0.0
galaxy_2.08489_-34.4553.fits.png,KiDSDR4 J000820.374-342718.99,2.084894,-34.455275,19.1614,0.00463689,0.42,0.39,0.44,7.0,0.0,0.99,0.693,0.0
galaxy_340.74564_-35.2064.fits.png,KiDSDR4 J224258.953-351223.13,340.74564,-35.206425,17.9238,0.00217884,0.66,0.63,0.68,6.8,2.227,0.999,0.679,0.0
galaxy_203.32291_0.9854.fits.png,KiDSDR4 J133317.497+005907.56,203.322906,0.985436,18.7218,0.00358952,0.32,0.29,0.34,6.8,2.227,0.996,0.677,0.0
galaxy_236.80215_0.4693.fits.png,KiDSDR4 J154712.516+002809.44,236.80215,0.469289,19.2236,0.00467529,0.44,0.41,0.46,6.8,3.655,0.996,0.677,1.0
galaxy_1.32283_-35.3951.fits.png,KiDSDR4 J000517.478-352342.48,1.322827,-35.395134,19.4104,0.00482059,0.59,0.56,0.62,6.8,2.227,0.996,0.677,0.0
LRG_39.31126_-28.122.fits.png,KiDSDR4 J023714.701-280719.03,39.311257,-28.121953,17.621,0.00366058,0.56,0.52,0.59,7.4,2.577,0.91,0.673,0.0
galaxy_359.83461_-29.1291.fits.png,KiDSDR4 J235920.307-290744.83,359.834614,-29.129122,18.793,0.00351998,0.34,0.31,0.42,6.8,2.227,0.989,0.673,0.0
LRG_343.53895_-27.8262.fits.png,KiDSDR4 J225409.348-274934.16,343.538954,-27.826156,18.4461,0.00314105,0.46,0.42,0.48,7.0,0.0,0.96,0.672,0.0
galaxy_37.48442_-31.173.fits.png,KiDSDR4 J022956.259-311022.65,37.484416,-31.172959,20.7763,0.0135498,0.56,0.52,0.59,6.8,3.655,0.983,0.668,1.0
galaxy_46.61689_-29.2885.fits.png,KiDSDR4 J030628.054-291718.77,46.616892,-29.288548,18.6135,0.00367407,0.27,0.23,0.29,6.8,2.227,0.98,0.666,0.0
galaxy_222.46067_0.9261.fits.png,KiDSDR4 J144950.559+005534.07,222.460665,0.926133,19.3929,0.0121467,0.76,0.73,0.78,6.6,3.137,0.995,0.657,0.0
LRG_50.62593_-34.7866.fits.png,KiDSDR4 J032230.223-344711.77,50.625931,-34.786604,19.2035,0.00700171,0.45,0.42,0.47,6.8,2.227,0.923,0.628,0.0
galaxy_352.29767_-32.7156.fits.png,KiDSDR4 J232911.441-324256.22,352.297671,-32.715617,19.4451,0.00747644,0.42,0.38,0.44,6.2,1.6,0.998,0.619,0.0
LRG_5.27125_-28.6385.fits.png,KiDSDR4 J002105.099-283818.44,5.271248,-28.638458,18.8805,0.00498859,0.46,0.42,0.48,6.2,1.6,0.999,0.619,0.0
LRG_350.16442_-28.2864.fits.png,KiDSDR4 J232039.461-281711.12,350.164421,-28.286423,18.6264,0.00560635,0.5,0.47,0.53,6.2,1.6,0.989,0.613,0.0
galaxy_348.29327_-34.7796.fits.png,KiDSDR4 J231310.384-344646.65,348.293267,-34.779625,18.3085,0.00384472,0.29,0.26,0.31,6.2,1.6,0.985,0.611,0.0
LRG_11.16304_-29.3326.fits.png,KiDSDR4 J004439.128-291957.30,11.163036,-29.332586,17.5186,0.00249108,0.31,0.28,0.33,6.2,1.6,0.986,0.611,0.0
galaxy_19.38096_-31.7424.fits.png,KiDSDR4 J011731.429-314432.70,19.380956,-31.742419,19.7469,0.00696263,0.6,0.57,0.63,6.0,2.683,1.0,0.6,0.0
galaxy_16.70485_-28.6939.fits.png,KiDSDR4 J010649.164-284137.90,16.704852,-28.693863,17.9299,0.00302391,0.59,0.55,0.61,6.0,2.683,0.999,0.599,0.0
galaxy_194.55925_-0.8372.fits.png,KiDSDR4 J125814.219-005013.87,194.55925,-0.837188,19.6804,0.00902416,0.64,0.61,0.66,6.0,2.683,0.992,0.595,0.0
LRG_223.35741_-0.5588.fits.png,KiDSDR4 J145325.778-003331.75,223.357411,-0.558822,19.2185,0.0102516,0.59,0.55,0.61,6.2,1.6,0.956,0.593,0.0
galaxy_47.92535_-34.3247.fits.png,KiDSDR4 J031142.084-341928.80,47.925354,-34.324669,18.7226,0.00563852,0.45,0.41,0.47,6.0,2.683,0.981,0.589,0.0
LRG_31.47614_-34.3387.fits.png,KiDSDR4 J020554.272-342019.30,31.476136,-34.338695,18.1108,0.00306959,0.42,0.38,0.44,6.0,2.683,0.979,0.587,0.0
LRG_214.80776_2.9432.fits.png,KiDSDR4 J141913.862+025635.41,214.807762,2.94317,18.8583,0.00511427,0.42,0.39,0.44,6.2,1.6,0.91,0.564,0.0
LRG_177.79331_2.945.fits.png,KiDSDR4 J115110.395+025642.08,177.793313,2.945024,17.8173,0.00343333,0.43,0.4,0.45,6.0,2.683,0.933,0.56,0.0
LRG_11.49475_-33.2477.fits.png,KiDSDR4 J004558.739-331451.79,11.494746,-33.24772,19.177,0.00603923,0.47,0.44,0.49,5.6,2.8,1.0,0.56,1.0
galaxy_29.8683_-33.164.fits.png,KiDSDR4 J015928.393-330950.36,29.868305,-33.16399,19.3458,0.00650755,0.46,0.42,0.48,5.6,2.8,1.0,0.56,1.0
galaxy_341.80102_-33.641.fits.png,KiDSDR4 J224712.244-333827.77,341.801017,-33.641048,17.9418,0.00257006,0.33,0.29,0.35,5.6,2.8,0.999,0.559,1.0
LRG_358.23116_-29.2912.fits.png,KiDSDR4 J235255.478-291728.16,358.23116,-29.291158,18.7058,0.00375507,0.47,0.44,0.49,5.6,2.8,0.998,0.559,1.0
LRG_207.91219_0.4778.fits.png,KiDSDR4 J135138.926+002839.99,207.912195,0.477777,19.3643,0.00774025,0.58,0.55,0.61,5.6,2.8,0.994,0.557,1.0
galaxy_34.0382_-29.5974.fits.png,KiDSDR4 J021609.168-293550.74,34.0382,-29.597429,20.2791,0.0122637,0.75,0.72,0.77,5.6,2.8,0.986,0.552,1.0
galaxy_340.78461_-34.7036.fits.png,KiDSDR4 J224308.305-344213.02,340.784606,-34.703619,19.0927,0.00453309,0.39,0.35,0.42,5.4,1.96,1.0,0.54,0.0
LRG_183.14553_0.1318.fits.png,KiDSDR4 J121234.927+000754.48,183.145531,0.1318,16.7311,0.00188037,0.25,0.22,0.27,5.4,3.499,1.0,0.54,1.0
galaxy_33.98169_-34.4071.fits.png,KiDSDR4 J021555.605-342425.72,33.98169,-34.407147,19.2952,0.00608264,0.54,0.5,0.58,5.4,1.96,1.0,0.54,0.0
galaxy_358.7917_-28.5368.fits.png,KiDSDR4 J235510.007-283212.34,358.791698,-28.536762,16.2408,0.00115424,0.28,0.25,0.3,5.4,1.96,1.0,0.54,0.0
galaxy_0.05013_-31.162.fits.png,KiDSDR4 J000012.031-310943.35,0.050133,-31.162044,19.1094,0.00447372,0.42,0.39,0.45,5.4,3.499,1.0,0.54,1.0
galaxy_346.36462_-31.6169.fits.png,KiDSDR4 J230527.508-313700.76,346.364619,-31.61688,18.5917,0.00291042,0.32,0.29,0.34,5.4,1.96,1.0,0.54,0.0
LRG_48.81925_-31.1317.fits.png,KiDSDR4 J031516.618-310754.18,48.819245,-31.131718,17.9595,0.00257738,0.49,0.46,0.51,5.4,3.499,0.999,0.539,1.0
LRG_137.80622_-0.1206.fits.png,KiDSDR4 J091113.492-000714.23,137.80622,-0.12062,17.8836,0.00340157,0.37,0.34,0.4,5.4,1.96,0.999,0.539,0.0
LRG_206.23184_-0.3377.fits.png,KiDSDR4 J134455.641-002015.60,206.231838,-0.337667,18.8702,0.00660115,0.45,0.42,0.47,5.4,1.96,0.998,0.539,0.0
galaxy_337.84911_-28.4179.fits.png,KiDSDR4 J223123.786-282504.50,337.849109,-28.417917,18.5096,0.00368675,0.37,0.33,0.39,5.4,3.499,0.999,0.539,1.0
LRG_183.33156_1.7933.fits.png,KiDSDR4 J121319.575+014736.02,183.331564,1.793341,17.6254,0.00236406,0.27,0.24,0.29,5.4,1.96,0.994,0.537,0.0
galaxy_17.68953_-29.1396.fits.png,KiDSDR4 J011045.486-290822.53,17.689526,-29.139593,18.1723,0.00285553,0.34,0.31,0.36,5.4,1.96,0.994,0.537,0.0
galaxy_8.1785_-31.0598.fits.png,KiDSDR4 J003242.839-310335.44,8.178496,-31.059847,19.3225,0.00419944,0.58,0.55,0.61,5.4,1.96,0.995,0.537,0.0
galaxy_51.11248_-29.0929.fits.png,KiDSDR4 J032426.994-290534.50,51.112476,-29.092917,17.9235,0.00210987,0.31,0.28,0.33,5.4,1.96,0.993,0.536,0.0
LRG_235.21586_1.1114.fits.png,KiDSDR4 J154051.806+010640.91,235.21586,1.111366,17.3068,0.00168858,0.29,0.26,0.31,5.4,1.96,0.992,0.536,0.0
galaxy_49.03827_-34.0507.fits.png,KiDSDR4 J031609.185-340302.43,49.038271,-34.050677,19.6548,0.00607711,0.56,0.52,0.58,5.4,3.499,0.993,0.536,1.0
galaxy_333.50138_-29.342.fits.png,KiDSDR4 J221400.330-292031.21,333.501378,-29.342005,20.305,0.0114823,0.73,0.69,0.76,5.4,3.499,0.988,0.534,1.0
galaxy_183.30933_-0.243.fits.png,KiDSDR4 J121314.238-001434.63,183.309326,-0.242953,18.5808,0.00328026,0.46,0.42,0.48,5.4,1.96,0.982,0.53,0.0
galaxy_5.4236_-30.1749.fits.png,KiDSDR4 J002141.664-301029.70,5.423603,-30.174917,19.8816,0.00728951,0.67,0.63,0.69,5.4,1.96,0.981,0.53,0.0
LRG_185.89642_-2.1752.fits.png,KiDSDR4 J122335.140-021030.63,185.896418,-2.175176,18.3244,0.00663445,0.49,0.46,0.51,5.4,1.96,0.98,0.529,0.0
galaxy_195.31625_2.878.fits.png,KiDSDR4 J130115.900+025240.95,195.316253,2.878043,18.2863,0.00237272,0.27,0.24,0.3,5.2,2.857,0.999,0.519,0.0
galaxy_4.54318_-28.936.fits.png,KiDSDR4 J001810.363-285609.54,4.54318,-28.935984,18.8359,0.00556526,0.48,0.45,0.51,5.2,2.857,0.997,0.518,0.0
galaxy_44.32181_-27.2867.fits.png,KiDSDR4 J025717.233-271712.02,44.321807,-27.286673,19.3549,0.00502518,0.59,0.56,0.61,5.2,2.857,0.996,0.518,0.0
galaxy_160.33126_-0.0712.fits.png,KiDSDR4 J104119.501-000416.30,160.331257,-0.071195,19.343,0.00651287,0.67,0.63,0.69,5.2,2.857,0.986,0.513,0.0
LRG_9.10058_-32.1335.fits.png,KiDSDR4 J003624.138-320800.62,9.100576,-32.133508,17.2494,0.00451941,0.49,0.46,0.51,5.4,3.499,0.905,0.489,1.0
LRG_0.29259_-35.2594.fits.png,KiDSDR4 J000110.222-351533.95,0.292592,-35.259432,18.1072,0.00350585,0.43,0.39,0.45,5.4,1.96,0.896,0.484,0.0
LRG_357.89183_-29.4121.fits.png,KiDSDR4 J235134.038-292443.69,357.891827,-29.412137,19.9878,0.0124413,0.5,0.46,0.52,6.2,1.6,0.779,0.483,0.0
LRG_30.70744_-33.01.fits.png,KiDSDR4 J020249.784-330036.05,30.707435,-33.010014,19.3585,0.00524981,0.46,0.43,0.48,4.8,2.857,0.999,0.48,1.0
galaxy_231.97569_2.7634.fits.png,KiDSDR4 J152754.166+024548.06,231.975694,2.763352,18.8391,0.0055964,0.34,0.31,0.4,4.8,2.857,1.0,0.48,1.0
LRG_12.49171_-27.7429.fits.png,KiDSDR4 J004958.010-274434.53,12.49171,-27.742926,17.3463,0.00168666,0.27,0.23,0.29,4.8,2.857,1.0,0.48,1.0
LRG_333.34566_-28.9133.fits.png,KiDSDR4 J221322.958-285447.91,333.34566,-28.91331,18.8892,0.00660686,0.63,0.59,0.66,4.8,2.857,1.0,0.48,1.0
galaxy_332.52272_-27.4726.fits.png,KiDSDR4 J221005.452-272821.41,332.522719,-27.472615,18.801,0.00679577,0.32,0.29,0.34,4.8,2.857,1.0,0.48,1.0
LRG_34.64458_-29.095.fits.png,KiDSDR4 J021834.699-290541.91,34.64458,-29.094977,18.3399,0.0039584,0.54,0.5,0.56,4.8,2.857,1.0,0.48,1.0
galaxy_31.803_-31.7773.fits.png,KiDSDR4 J020712.720-314638.21,31.803004,-31.777281,18.6825,0.00330743,0.63,0.6,0.65,4.8,2.857,0.998,0.479,1.0
galaxy_336.12503_-32.0076.fits.png,KiDSDR4 J222430.007-320027.37,336.125032,-32.007604,19.7425,0.00961416,0.74,0.71,0.77,4.8,2.857,0.995,0.478,1.0
galaxy_177.06416_-1.1526.fits.png,KiDSDR4 J114815.397-010909.34,177.064158,-1.152595,20.3031,0.00865978,0.32,0.29,0.34,4.8,2.857,0.996,0.478,1.0
galaxy_14.10541_-29.7121.fits.png,KiDSDR4 J005625.297-294243.71,14.105407,-29.712143,17.9763,0.00199915,0.59,0.56,0.61,4.8,4.069,0.995,0.478,2.0
galaxy_349.22887_-32.8476.fits.png,KiDSDR4 J231654.929-325051.29,349.228873,-32.847581,19.1206,0.0063029,0.42,0.39,0.44,4.8,2.857,0.994,0.477,1.0
galaxy_38.34644_-31.8493.fits.png,KiDSDR4 J023323.146-315057.51,38.346443,-31.849309,19.0546,0.00920658,0.57,0.53,0.6,4.8,4.069,0.993,0.477,2.0
galaxy_13.28337_-34.1136.fits.png,KiDSDR4 J005308.009-340648.96,13.283375,-34.113602,19.3274,0.00504314,0.44,0.41,0.47,4.8,2.857,0.991,0.476,1.0
galaxy_230.82321_2.2734.fits.png,KiDSDR4 J152317.569+021624.41,230.823206,2.273449,19.7167,0.00785797,0.5,0.45,0.53,4.8,2.857,0.992,0.476,1.0
galaxy_182.57383_-2.5036.fits.png,KiDSDR4 J121017.719-023013.12,182.573831,-2.503647,19.1443,0.00510212,0.47,0.43,0.49,4.8,2.857,0.989,0.475,1.0
LRG_23.52703_-34.1526.fits.png,KiDSDR4 J013406.487-340909.20,23.527033,-34.152556,18.2671,0.00390142,0.45,0.42,0.47,4.8,2.857,0.985,0.473,1.0
galaxy_47.87629_-29.8363.fits.png,KiDSDR4 J031130.310-295010.64,47.876293,-29.83629,20.4881,0.0212352,0.29,0.26,0.52,4.8,2.857,0.983,0.472,1.0
galaxy_38.92722_-34.1527.fits.png,KiDSDR4 J023542.533-340909.85,38.927223,-34.152738,20.1802,0.00940729,0.45,0.42,0.48,4.8,2.857,0.984,0.472,1.0
galaxy_2.90909_-31.0788.fits.png,KiDSDR4 J001138.181-310443.84,2.90909,-31.078846,19.0269,0.00486714,0.62,0.59,0.65,4.8,4.069,0.98,0.47,2.0
LRG_231.11631_0.5617.fits.png,KiDSDR4 J152427.915+003342.29,231.116314,0.561748,18.0608,0.004714,0.43,0.4,0.45,4.8,2.857,0.977,0.469,1.0
galaxy_219.72969_-0.5973.fits.png,KiDSDR4 J143855.125-003550.15,219.72969,-0.597266,18.2356,0.0034342,0.39,0.36,0.41,4.6,1.96,0.998,0.459,0.0
galaxy_333.96948_-27.8877.fits.png,KiDSDR4 J221552.675-275315.66,333.969481,-27.887685,18.8756,0.00375098,0.34,0.31,0.36,4.6,1.96,0.996,0.458,0.0
galaxy_352.53356_-31.1995.fits.png,KiDSDR4 J233008.055-311158.32,352.533564,-31.199535,19.064,0.00458144,0.61,0.57,0.63,4.6,3.499,0.991,0.456,1.0
galaxy_173.6889_2.0863.fits.png,KiDSDR4 J113445.335+020510.50,173.688898,2.086251,19.1739,0.00671944,0.55,0.52,0.58,4.6,3.499,0.985,0.453,1.0
LRG_176.17205_0.5021.fits.png,KiDSDR4 J114441.292+003007.45,176.172051,0.502071,19.1674,0.00626357,0.43,0.39,0.45,4.6,3.499,0.978,0.45,1.0
LRG_129.73721_2.1475.fits.png,KiDSDR4 J083856.929+020851.17,129.737206,2.14755,18.7011,0.00451473,0.43,0.39,0.45,4.6,1.96,0.972,0.447,0.0
galaxy_11.55917_-31.3408.fits.png,KiDSDR4 J004614.201-312026.85,11.559175,-31.340792,19.2696,0.00525818,0.58,0.55,0.6,4.2,3.429,0.999,0.42,2.0
galaxy_194.53463_0.5064.fits.png,KiDSDR4 J125808.310+003023.15,194.534628,0.506431,19.5258,0.0066041,0.38,0.35,0.41,4.2,3.429,0.996,0.418,2.0
galaxy_193.967_1.0809.fits.png,KiDSDR4 J125552.080+010451.20,193.967004,1.080891,18.6913,0.00328752,0.28,0.25,0.3,4.2,3.429,0.995,0.418,2.0
galaxy_5.10947_-34.5259.fits.png,KiDSDR4 J002026.272-343133.23,5.10947,-34.525899,19.0128,0.00362324,0.31,0.28,0.33,4.2,3.429,0.992,0.417,2.0
LRG_44.01895_-31.9685.fits.png,KiDSDR4 J025604.548-315806.56,44.018952,-31.96849,19.5767,0.00855209,0.49,0.46,0.51,4.8,2.857,0.863,0.414,1.0
LRG_170.4382_2.8854.fits.png,KiDSDR4 J112145.166+025307.33,170.438195,2.885372,19.4444,0.00583828,0.62,0.58,0.64,4.8,2.857,0.861,0.413,1.0
galaxy_214.20758_1.6395.fits.png,KiDSDR4 J141649.819+013822.23,214.207581,1.63951,19.209,0.00586216,0.58,0.54,0.6,4.0,2.683,0.999,0.4,1.0
galaxy_333.34632_-28.9137.fits.png,KiDSDR4 J221323.117-285449.37,333.346321,-28.913715,20.5023,0.01498,0.79,0.76,0.82,4.0,2.683,0.999,0.4,1.0
galaxy_175.30418_0.2697.fits.png,KiDSDR4 J114113.002+001610.81,175.304178,0.26967,18.8349,0.00533503,0.6,0.55,0.62,4.0,2.683,1.0,0.4,1.0
galaxy_17.08464_-30.5712.fits.png,KiDSDR4 J010820.314-303416.39,17.084643,-30.571221,19.8713,0.00987697,0.58,0.55,0.61,4.0,3.95,1.0,0.4,2.0
LRG_224.62555_0.1031.fits.png,KiDSDR4 J145830.131+000611.08,224.625549,0.10308,18.3303,0.00307875,0.54,0.5,0.57,4.0,3.95,1.0,0.4,2.0
galaxy_217.6782_0.7445.fits.png,KiDSDR4 J143042.767+004440.22,217.678198,0.744506,18.9703,0.00523834,0.41,0.37,0.44,4.0,2.683,0.998,0.399,1.0
galaxy_351.15703_-34.2694.fits.png,KiDSDR4 J232437.687-341609.90,351.157033,-34.269418,19.7903,0.00672734,0.45,0.42,0.47,4.0,3.95,0.998,0.399,2.0
galaxy_17.58423_-28.9879.fits.png,KiDSDR4 J011020.214-285916.57,17.584228,-28.987938,19.7768,0.00833547,0.7,0.67,0.73,4.0,2.683,0.997,0.399,1.0
LRG_342.38931_-32.7697.fits.png,KiDSDR4 J224933.434-324610.97,342.389309,-32.769714,19.258,0.00700533,0.42,0.39,0.45,4.0,2.683,0.998,0.399,1.0
galaxy_47.48206_-35.5065.fits.png,KiDSDR4 J030955.694-353023.41,47.482061,-35.506504,19.66,0.00582176,0.43,0.4,0.45,4.0,2.683,0.998,0.399,1.0
galaxy_338.79291_-28.3958.fits.png,KiDSDR4 J223510.297-282344.81,338.792908,-28.395781,17.8982,0.00288185,0.3,0.27,0.32,4.0,2.683,0.995,0.398,1.0
galaxy_348.14794_-34.4928.fits.png,KiDSDR4 J231235.504-342934.00,348.147937,-34.49278,19.0051,0.0046617,0.32,0.29,0.35,4.0,2.683,0.995,0.398,1.0
galaxy_45.58354_-27.8575.fits.png,KiDSDR4 J030220.048-275126.86,45.583537,-27.857462,19.2355,0.00430833,0.32,0.28,0.34,4.0,2.683,0.993,0.397,1.0
galaxy_42.76881_-29.9837.fits.png,KiDSDR4 J025104.514-295901.18,42.768811,-29.983662,20.2463,0.0122154,0.76,0.72,0.78,4.0,3.95,0.989,0.396,2.0
galaxy_347.6096_-33.7676.fits.png,KiDSDR4 J231026.303-334603.26,347.609599,-33.767574,19.3636,0.00562691,0.6,0.57,0.62,4.0,2.683,0.989,0.396,1.0
galaxy_30.90433_-30.7426.fits.png,KiDSDR4 J020337.040-304433.26,30.904335,-30.742574,19.9792,0.00832006,0.56,0.53,0.58,4.0,3.95,0.988,0.395,2.0
galaxy_19.58955_-27.7922.fits.png,KiDSDR4 J011821.491-274732.02,19.58955,-27.792229,18.7238,0.00404022,0.61,0.58,0.63,4.0,2.683,0.987,0.395,1.0
galaxy_4.6673_-32.7892.fits.png,KiDSDR4 J001840.152-324721.12,4.6673,-32.7892,19.4825,0.00323229,0.35,0.32,0.38,4.0,3.95,0.984,0.394,2.0
galaxy_190.75828_2.9038.fits.png,KiDSDR4 J124301.986+025413.54,190.758277,2.903763,17.3356,0.00159906,0.15,0.12,0.17,4.0,2.683,0.98,0.392,1.0
LRG_359.13703_-35.4103.fits.png,KiDSDR4 J235632.886-352437.00,359.137028,-35.410279,18.0534,0.0031267,0.3,0.27,0.32,4.0,2.683,0.974,0.39,1.0
LRG_18.07013_-34.4458.fits.png,KiDSDR4 J011216.830-342644.74,18.070127,-34.445762,17.699,0.00290864,0.38,0.35,0.4,4.8,2.857,0.81,0.389,1.0
LRG_49.33555_-26.6664.fits.png,KiDSDR4 J031720.531-263958.96,49.335549,-26.666379,18.4866,0.00341156,0.45,0.41,0.47,4.0,2.683,0.973,0.389,1.0
LRG_170.71118_1.856.fits.png,KiDSDR4 J112250.683+015121.75,170.711183,1.856042,17.942,0.00286724,0.42,0.39,0.44,4.0,2.683,0.968,0.387,1.0
LRG_358.34991_-31.7999.fits.png,KiDSDR4 J235323.978-314759.65,358.349912,-31.799905,17.9788,0.00243697,0.42,0.39,0.44,4.0,3.95,0.964,0.386,2.0
LRG_9.89149_-29.6421.fits.png,KiDSDR4 J003933.958-293831.46,9.891494,-29.642074,18.0543,0.00202918,0.31,0.28,0.33,4.8,2.857,0.802,0.385,1.0
galaxy_353.77456_-33.361.fits.png,KiDSDR4 J233505.895-332139.55,353.774563,-33.360988,18.3359,0.00309262,0.29,0.26,0.32,3.8,3.311,1.0,0.38,1.0
LRG_53.74703_-26.5754.fits.png,KiDSDR4 J033459.286-263431.59,53.747026,-26.575443,18.1446,0.00291037,0.42,0.39,0.45,3.8,1.6,0.996,0.378,0.0
galaxy_352.60945_-32.1523.fits.png,KiDSDR4 J233026.268-320908.31,352.609452,-32.15231,18.1495,0.00208688,0.25,0.22,0.27,3.8,3.311,0.984,0.374,1.0
LRG_17.97263_-31.7076.fits.png,KiDSDR4 J011153.430-314227.41,17.972626,-31.707614,18.8155,0.00507597,0.5,0.47,0.52,4.0,2.683,0.882,0.353,1.0
LRG_337.06158_-29.2632.fits.png,KiDSDR4 J222814.780-291547.55,337.061584,-29.263211,17.9639,0.0022689,0.32,0.29,0.34,4.2,3.429,0.836,0.351,2.0
LRG_131.8457_0.8238.fits.png,KiDSDR4 J084722.967+004925.69,131.845697,0.823804,18.4457,0.00244875,0.48,0.45,0.5,4.0,2.683,0.87,0.348,1.0
galaxy_7.41961_-29.7885.fits.png,KiDSDR4 J002940.706-294718.46,7.41961,-29.788463,18.731,0.00357918,0.58,0.52,0.6,3.4,3.137,1.0,0.34,2.0
galaxy_45.53904_-27.1693.fits.png,KiDSDR4 J030209.370-271009.35,45.539044,-27.169266,18.35,0.00234444,0.28,0.24,0.3,3.4,3.137,0.999,0.34,2.0
galaxy_8.31915_-34.1331.fits.png,KiDSDR4 J003316.596-340759.28,8.319154,-34.133134,19.6643,0.00645355,0.65,0.62,0.67,3.4,3.137,1.0,0.34,2.0
galaxy_347.94036_-33.7298.fits.png,KiDSDR4 J231145.686-334347.21,347.940362,-33.729783,18.2051,0.00227834,0.29,0.26,0.31,3.4,3.137,1.0,0.34,2.0
galaxy_158.05362_-2.5588.fits.png,KiDSDR4 J103212.869-023331.66,158.053623,-2.558796,17.9364,0.00191906,0.26,0.23,0.28,3.4,3.137,1.0,0.34,2.0
galaxy_173.54188_-2.4079.fits.png,KiDSDR4 J113410.050-022428.36,173.541875,-2.40788,19.2966,0.00567775,0.66,0.63,0.68,3.4,3.137,0.998,0.339,2.0
LRG_237.47006_-1.1365.fits.png,KiDSDR4 J154952.815-010811.57,237.470064,-1.136549,17.701,0.00263424,0.33,0.3,0.35,3.4,3.137,0.998,0.339,2.0
LRG_34.78658_-33.5222.fits.png,KiDSDR4 J021908.779-333119.81,34.78658,-33.52217,19.4927,0.00657048,0.61,0.58,0.63,3.4,3.137,0.998,0.339,2.0
galaxy_187.14877_-2.585.fits.png,KiDSDR4 J122835.704-023505.95,187.148768,-2.584988,18.2953,0.00315454,0.32,0.29,0.34,3.4,3.137,0.997,0.339,2.0
galaxy_353.50889_-29.8108.fits.png,KiDSDR4 J233402.134-294838.95,353.508894,-29.810821,18.773,0.0034759,0.29,0.25,0.31,3.4,3.137,0.993,0.338,2.0
LRG_219.72264_0.5025.fits.png,KiDSDR4 J143853.432+003009.14,219.722636,0.502539,18.3223,0.00328325,0.39,0.34,0.41,3.4,3.137,0.995,0.338,2.0
galaxy_195.15125_0.3588.fits.png,KiDSDR4 J130036.300+002131.62,195.151254,0.358786,19.1563,0.00543138,0.43,0.39,0.46,3.4,3.137,0.994,0.338,2.0
LRG_343.49439_-34.7427.fits.png,KiDSDR4 J225358.653-344433.68,343.494388,-34.742691,17.1845,0.0019041,0.29,0.26,0.31,4.2,3.429,0.803,0.337,2.0
galaxy_168.20474_-0.3499.fits.png,KiDSDR4 J111249.137-002059.49,168.20474,-0.349861,18.3631,0.00333933,0.28,0.25,0.3,3.4,3.137,0.989,0.336,2.0
galaxy_132.88395_2.1722.fits.png,KiDSDR4 J085132.148+021019.89,132.883951,2.172192,19.5359,0.00516456,0.43,0.4,0.45,3.4,3.137,0.989,0.336,2.0
galaxy_42.10029_-34.0804.fits.png,KiDSDR4 J024824.068-340449.43,42.100286,-34.080399,20.0217,0.0110717,0.62,0.58,0.64,3.4,3.137,0.984,0.335,2.0
LRG_206.2657_-0.4712.fits.png,KiDSDR4 J134503.768-002816.20,206.265703,-0.471168,16.7896,0.00174676,0.17,0.14,0.19,3.4,3.137,0.984,0.335,2.0
LRG_178.25068_-1.162.fits.png,KiDSDR4 J115300.162-010943.30,178.250678,-1.162029,18.6057,0.00396283,0.48,0.45,0.5,4.0,2.683,0.833,0.333,1.0
LRG_45.57696_-29.6841.fits.png,KiDSDR4 J030218.470-294102.70,45.576962,-29.684085,17.9341,0.00447911,0.44,0.41,0.46,3.4,3.137,0.978,0.333,2.0
LRG_31.51076_-33.3647.fits.png,KiDSDR4 J020602.583-332152.80,31.510764,-33.364667,18.67,0.00488558,0.64,0.6,0.66,3.4,3.137,0.98,0.333,2.0
LRG_156.67312_-0.4632.fits.png,KiDSDR4 J102641.548-002747.35,156.673117,-0.463155,18.7601,0.00452515,0.5,0.46,0.53,3.4,3.137,0.974,0.331,2.0
LRG_163.31341_-0.4894.fits.png,KiDSDR4 J105315.217-002921.78,163.313407,-0.489385,19.4263,0.00623605,0.43,0.39,0.45,3.4,3.137,0.974,0.331,2.0
LRG_192.47196_0.6735.fits.png,KiDSDR4 J124953.270+004024.63,192.471962,0.673509,17.6105,0.00267175,0.3,0.27,0.32,3.4,3.137,0.963,0.327,2.0
LRG_168.17478_-0.8662.fits.png,KiDSDR4 J111241.946-005158.47,168.174778,-0.866243,18.6383,0.00351056,0.37,0.34,0.4,3.4,3.137,0.96,0.326,2.0
LRG_215.88388_-0.521.fits.png,KiDSDR4 J142332.130-003115.73,215.883879,-0.521038,19.3595,0.00970765,0.49,0.46,0.51,4.0,3.95,0.808,0.323,2.0
LRG_13.22706_-30.6252.fits.png,KiDSDR4 J005254.493-303730.77,13.227055,-30.625215,18.208,0.00390739,0.34,0.31,0.36,3.4,3.137,0.951,0.323,2.0
galaxy_234.2229_-1.7731.fits.png,KiDSDR4 J153653.497-014623.27,234.222905,-1.773131,18.2002,0.00342381,0.61,0.58,0.63,3.2,2.227,0.999,0.32,1.0
galaxy_25.84439_-28.731.fits.png,KiDSDR4 J014322.653-284351.61,25.844388,-28.731003,18.5844,0.00351101,0.33,0.3,0.35,3.2,2.227,1.0,0.32,1.0
galaxy_190.08093_-0.2562.fits.png,KiDSDR4 J124019.422-001522.18,190.080927,-0.256163,19.0693,0.00569411,0.38,0.34,0.4,3.2,2.227,1.0,0.32,1.0
galaxy_334.08905_-29.1798.fits.png,KiDSDR4 J221621.372-291047.35,334.089052,-29.179822,18.9696,0.00355573,0.42,0.38,0.44,3.2,2.227,0.994,0.318,1.0
galaxy_160.42449_2.7261.fits.png,KiDSDR4 J104141.877+024334.01,160.424491,2.726114,18.7798,0.00470746,0.32,0.29,0.34,3.2,2.227,0.994,0.318,1.0
LRG_356.05602_-32.016.fits.png,KiDSDR4 J234413.445-320057.62,356.056021,-32.016007,19.3337,0.007071,0.59,0.56,0.62,3.2,2.227,0.992,0.317,1.0
galaxy_2.59496_-33.0653.fits.png,KiDSDR4 J001022.789-330355.08,2.594958,-33.0653,18.5033,0.00254049,0.27,0.24,0.29,3.2,2.227,0.992,0.317,1.0
galaxy_350.73417_-28.2852.fits.png,KiDSDR4 J232256.201-281706.70,350.734174,-28.285196,18.1873,0.0023035,0.32,0.29,0.34,3.2,2.227,0.992,0.317,1.0
galaxy_355.5938_-31.2338.fits.png,KiDSDR4 J234222.511-311401.54,355.593799,-31.233762,18.3174,0.00260099,0.37,0.34,0.39,3.2,2.227,0.992,0.317,1.0
galaxy_36.53909_-31.1039.fits.png,KiDSDR4 J022609.381-310614.12,36.53909,-31.103923,17.7327,0.00202521,0.64,0.61,0.66,3.2,2.227,0.988,0.316,1.0
galaxy_207.29744_0.9481.fits.png,KiDSDR4 J134911.385+005653.21,207.29744,0.948114,19.0765,0.00547543,0.43,0.39,0.45,3.2,2.227,0.98,0.314,1.0
galaxy_178.85972_2.1546.fits.png,KiDSDR4 J115526.332+020916.47,178.859719,2.154576,19.5064,0.00552684,0.22,0.19,0.24,3.2,2.227,0.98,0.314,1.0
LRG_177.03551_-2.5655.fits.png,KiDSDR4 J114808.522-023355.69,177.035511,-2.56547,18.3744,0.00374105,0.43,0.4,0.45,3.4,3.137,0.912,0.31,2.0
LRG_156.31109_1.9491.fits.png,KiDSDR4 J102514.661+015656.72,156.311091,1.94909,19.4362,0.007601,0.46,0.43,0.49,3.4,3.137,0.886,0.301,2.0
LRG_226.96217_1.1683.fits.png,KiDSDR4 J150750.920+011005.92,226.962169,1.168313,18.2691,0.00224923,0.33,0.3,0.35,3.4,3.137,0.885,0.301,2.0
galaxy_355.60482_-34.3435.fits.png,KiDSDR4 J234225.156-342036.58,355.604819,-34.343496,19.2998,0.0050478,0.33,0.3,0.35,3.0,0.0,0.998,0.299,0.0
LRG_167.00844_2.509.fits.png,KiDSDR4 J110802.025+023032.52,167.008439,2.509036,17.9639,0.00213749,0.28,0.25,0.3,3.4,3.137,0.876,0.298,2.0
LRG_330.21129_-31.0738.fits.png,KiDSDR4 J220050.709-310425.54,330.211288,-31.073762,19.1517,0.00478013,0.47,0.44,0.5,3.4,3.137,0.873,0.297,2.0
LRG_20.82861_-30.8123.fits.png,KiDSDR4 J012318.867-304844.29,20.828613,-30.812305,18.367,0.00286816,0.43,0.4,0.45,3.4,4.271,0.865,0.294,3.0
LRG_230.84606_2.1654.fits.png,KiDSDR4 J152323.053+020955.52,230.846055,2.165425,17.7817,0.00230409,0.27,0.24,0.29,3.4,3.137,0.865,0.294,2.0
LRG_204.45056_-2.37.fits.png,KiDSDR4 J133748.134-022212.17,204.45056,-2.37005,18.2461,0.00339433,0.33,0.3,0.35,3.4,3.137,0.861,0.293,2.0
LRG_216.83723_0.7411.fits.png,KiDSDR4 J142720.935+004428.06,216.837232,0.741129,18.2456,0.00335741,0.45,0.42,0.47,2.8,3.429,0.999,0.28,3.0
LRG_349.30224_-30.9386.fits.png,KiDSDR4 J231712.538-305619.11,349.302242,-30.938642,17.2913,0.00150155,0.22,0.19,0.24,2.8,3.429,1.0,0.28,3.0
LRG_339.44871_-30.7731.fits.png,KiDSDR4 J223747.691-304623.04,339.448715,-30.773069,18.3654,0.00292373,0.46,0.43,0.49,2.8,3.429,0.993,0.278,3.0
galaxy_238.16219_0.9718.fits.png,KiDSDR4 J155238.925+005818.60,238.162189,0.971836,20.963,0.0103446,0.47,0.43,0.49,2.8,3.429,0.99,0.277,3.0
galaxy_195.34186_2.6091.fits.png,KiDSDR4 J130122.046+023632.71,195.341861,2.609087,20.5596,0.00563987,0.19,0.16,0.21,2.8,3.429,0.985,0.276,3.0
LRG_14.81216_-28.9912.fits.png,KiDSDR4 J005914.917-285928.36,14.812158,-28.991213,18.0335,0.00177605,0.32,0.29,0.34,3.2,2.227,0.822,0.263,1.0
LRG_189.44852_0.6463.fits.png,KiDSDR4 J123747.645+003846.85,189.448525,0.646349,19.9069,0.00814996,0.52,0.49,0.54,2.8,3.429,0.933,0.261,3.0
galaxy_13.50262_-27.7982.fits.png,KiDSDR4 J005400.628-274753.65,13.502619,-27.798237,19.6351,0.00636335,0.64,0.61,0.68,2.6,2.577,0.999,0.26,2.0
galaxy_7.68364_-34.3879.fits.png,KiDSDR4 J003044.073-342316.38,7.683639,-34.387886,18.9203,0.00520532,0.56,0.53,0.59,2.6,2.577,1.0,0.26,2.0
galaxy_178.56122_-0.7891.fits.png,KiDSDR4 J115414.693-004720.92,178.561221,-0.789145,19.0313,0.00580331,0.44,0.41,0.59,2.6,2.577,1.0,0.26,2.0
galaxy_186.44286_0.6177.fits.png,KiDSDR4 J122546.287+003703.68,186.442864,0.61769,19.1282,0.00820469,0.64,0.61,0.66,2.6,2.577,1.0,0.26,2.0
galaxy_182.06345_-1.5255.fits.png,KiDSDR4 J120815.228-013131.89,182.063452,-1.525527,19.304,0.00475533,0.42,0.39,0.45,2.6,2.577,0.997,0.259,2.0
galaxy_38.49079_-28.8007.fits.png,KiDSDR4 J023357.789-284802.67,38.490788,-28.800743,18.0679,0.00186587,0.63,0.6,0.65,2.6,2.577,0.998,0.259,2.0
galaxy_25.02332_-32.0897.fits.png,KiDSDR4 J014005.596-320522.96,25.023317,-32.089712,18.625,0.00298652,0.32,0.28,0.34,2.6,2.577,0.998,0.259,2.0
LRG_16.05931_-29.9658.fits.png,KiDSDR4 J010414.234-295756.78,16.059309,-29.965773,18.0484,0.00382529,0.43,0.39,0.45,2.6,2.577,0.996,0.259,2.0
galaxy_192.82782_0.751.fits.png,KiDSDR4 J125118.676+004503.54,192.827818,0.750984,17.4791,0.00162542,0.14,0.11,0.16,2.6,2.577,0.992,0.258,2.0
galaxy_346.56043_-34.3998.fits.png,KiDSDR4 J230614.504-342359.16,346.560434,-34.399769,18.788,0.00358595,0.35,0.32,0.38,2.6,2.577,0.993,0.258,2.0
LRG_137.26621_-0.6889.fits.png,KiDSDR4 J090903.889-004120.18,137.266207,-0.688939,18.5282,0.0042231,0.44,0.41,0.46,2.6,2.577,0.991,0.258,2.0
galaxy_33.28521_-30.8346.fits.png,KiDSDR4 J021308.449-305004.61,33.285208,-30.834614,18.6191,0.00406462,0.62,0.59,0.64,2.6,2.577,0.987,0.257,2.0
galaxy_45.35579_-32.5416.fits.png,KiDSDR4 J030125.390-323229.74,45.355793,-32.541597,19.8235,0.00755197,0.43,0.39,0.46,2.6,2.577,0.989,0.257,2.0
galaxy_212.5992_1.6108.fits.png,KiDSDR4 J141023.808+013638.82,212.599204,1.610785,18.5188,0.00276297,0.22,0.19,0.24,2.6,2.577,0.984,0.256,2.0
LRG_167.78521_2.5056.fits.png,KiDSDR4 J111108.450+023020.27,167.78521,2.505632,17.3354,0.00163577,0.32,0.29,0.34,2.6,2.577,0.972,0.253,2.0
LRG_169.33283_-2.5182.fits.png,KiDSDR4 J111719.880-023105.48,169.332834,-2.51819,19.515,0.00866815,0.48,0.45,0.5,2.6,2.577,0.957,0.249,2.0
LRG_131.14293_2.4684.fits.png,KiDSDR4 J084434.304+022806.23,131.142934,2.4684,18.8483,0.00422282,0.4,0.37,0.43,3.2,3.655,0.765,0.245,2.0
LRG_352.37819_-34.392.fits.png,KiDSDR4 J232930.766-342331.26,352.378194,-34.392019,19.3404,0.00759606,0.41,0.38,0.43,2.6,2.577,0.93,0.242,2.0
galaxy_348.36226_-28.825.fits.png,KiDSDR4 J231326.941-284929.98,348.362257,-28.824996,17.9335,0.00218067,0.17,0.14,0.19,2.4,1.2,0.999,0.24,1.0
galaxy_218.32657_0.7956.fits.png,KiDSDR4 J143318.377+004744.04,218.326573,0.795567,19.4823,0.00752545,0.61,0.57,0.63,2.4,1.2,0.996,0.239,1.0
LRG_333.66796_-27.4222.fits.png,KiDSDR4 J221440.310-272519.99,333.66796,-27.422221,18.2729,0.00306618,0.38,0.34,0.4,2.4,1.2,0.989,0.237,1.0
LRG_184.5179_1.8386.fits.png,KiDSDR4 J121804.295+015019.11,184.517897,1.838643,17.1195,0.0027476,0.31,0.28,0.33,2.6,2.577,0.892,0.232,2.0
LRG_348.02984_-32.1207.fits.png,KiDSDR4 J231207.161-320714.67,348.029839,-32.120744,15.7811,0.000942761,0.18,0.14,0.2,2.6,2.577,0.84,0.218,2.0
LRG_0.27423_-27.9399.fits.png,KiDSDR4 J000105.815-275623.67,0.274233,-27.93991,18.2143,0.0029126,0.33,0.3,0.35,2.6,2.577,0.788,0.205,2.0
LRG_16.52675_-29.4443.fits.png,KiDSDR4 J010606.420-292639.35,16.526752,-29.444265,17.2398,0.00139313,0.21,0.18,0.23,2.6,2.577,0.769,0.2,2.0
LRG_237.09827_1.9757.fits.png,KiDSDR4 J154823.583+015832.68,237.098266,1.975745,18.7538,0.00722417,0.47,0.44,0.49,2.0,2.757,1.0,0.2,3.0
galaxy_181.70132_0.3493.fits.png,KiDSDR4 J120648.317+002057.37,181.701323,0.34927,18.6827,0.00399907,0.45,0.42,0.48,2.0,2.757,0.999,0.2,3.0
galaxy_12.49933_-32.4933.fits.png,KiDSDR4 J004959.840-322935.85,12.499334,-32.493294,19.4335,0.00878496,0.53,0.5,0.56,2.0,2.757,0.998,0.2,3.0
galaxy_349.16203_-34.3261.fits.png,KiDSDR4 J231638.886-341933.84,349.162028,-34.326067,19.6341,0.0057029,0.37,0.33,0.39,2.0,2.757,0.994,0.199,3.0
LRG_186.9834_1.9138.fits.png,KiDSDR4 J122756.015+015449.64,186.983396,1.91379,17.7611,0.00228401,0.3,0.27,0.32,2.0,2.757,0.997,0.199,3.0
LRG_20.86404_-31.1501.fits.png,KiDSDR4 J012327.370-310900.39,20.864042,-31.150111,18.1875,0.00349951,0.42,0.39,0.44,2.0,2.757,0.997,0.199,3.0
LRG_0.07387_-29.0465.fits.png,KiDSDR4 J000017.729-290247.41,0.073872,-29.046504,17.7965,0.00223617,0.32,0.29,0.34,2.0,2.757,0.997,0.199,3.0
galaxy_140.96884_-1.1658.fits.png,KiDSDR4 J092352.520-010956.88,140.968836,-1.165801,19.4921,0.00683305,0.56,0.53,0.58,2.0,2.757,0.992,0.198,3.0
galaxy_356.16296_-31.4715.fits.png,KiDSDR4 J234439.110-312817.47,356.16296,-31.471522,19.15,0.00372831,0.31,0.28,0.34,2.0,2.757,0.992,0.198,3.0
galaxy_215.90358_1.4075.fits.png,KiDSDR4 J142336.859+012427.08,215.903581,1.407523,18.7758,0.00471392,0.63,0.59,0.65,2.0,2.757,0.992,0.198,3.0
galaxy_45.54652_-32.3821.fits.png,KiDSDR4 J030211.165-322255.46,45.546522,-32.382073,18.7355,0.00341819,0.4,0.37,0.42,2.0,2.757,0.99,0.198,3.0
LRG_46.97503_-35.412.fits.png,KiDSDR4 J030754.006-352443.08,46.975029,-35.411969,17.621,0.0023609,0.31,0.28,0.33,2.6,2.577,0.757,0.197,2.0
galaxy_186.56235_2.6086.fits.png,KiDSDR4 J122614.964+023630.96,186.562353,2.608602,19.1022,0.00517161,0.38,0.34,0.4,2.0,2.757,0.982,0.196,3.0
galaxy_356.89103_-35.5525.fits.png,KiDSDR4 J234733.847-353309.16,356.891032,-35.552546,19.4698,0.00506146,0.45,0.42,0.47,2.0,2.757,0.98,0.196,3.0
LRG_215.07426_0.9755.fits.png,KiDSDR4 J142017.823+005831.90,215.074263,0.975529,18.0723,0.00336618,0.45,0.42,0.47,2.0,2.757,0.965,0.193,3.0
LRG_194.67512_-0.0669.fits.png,KiDSDR4 J125842.028-000400.72,194.675117,-0.066867,18.7224,0.00474709,0.4,0.36,0.42,2.0,2.757,0.965,0.193,3.0
LRG_44.25448_-35.5232.fits.png,KiDSDR4 J025701.075-353123.52,44.254481,-35.5232,18.2049,0.00295886,0.36,0.33,0.39,2.0,2.757,0.967,0.193,3.0
LRG_9.70137_-30.0132.fits.png,KiDSDR4 J003848.327-300047.39,9.701366,-30.013166,16.3947,0.000972108,0.19,0.16,0.21,2.0,2.757,0.909,0.182,3.0
LRG_203.70586_-0.8034.fits.png,KiDSDR4 J133449.407-004812.21,203.705864,-0.803392,19.6037,0.00864782,0.48,0.45,0.5,2.0,2.757,0.904,0.181,3.0
galaxy_205.50704_0.6718.fits.png,KiDSDR4 J134201.690+004018.32,205.507043,0.671758,18.0709,0.00224238,0.24,0.21,0.27,1.8,1.47,1.0,0.18,2.0
LRG_341.42179_-35.3866.fits.png,KiDSDR4 J224541.230-352311.91,341.421795,-35.386644,17.2572,0.00215832,0.29,0.26,0.31,2.0,2.757,0.894,0.179,3.0
galaxy_139.4773_-0.3547.fits.png,KiDSDR4 J091754.551-002117.01,139.477298,-0.354725,19.1932,0.00576703,0.54,0.51,0.56,1.8,1.47,0.996,0.179,2.0
LRG_168.06732_-0.0769.fits.png,KiDSDR4 J111216.157-000436.91,168.067324,-0.07692,17.5754,0.00254818,0.39,0.36,0.42,1.8,1.47,0.991,0.178,2.0
LRG_205.83956_2.352.fits.png,KiDSDR4 J134321.493+022107.16,205.839556,2.351989,18.9282,0.00457273,0.47,0.44,0.49,1.8,1.47,0.991,0.178,2.0
LRG_41.4875_-31.0239.fits.png,KiDSDR4 J024557.000-310125.96,41.487502,-31.02388,17.6554,0.00199129,0.27,0.24,0.3,2.0,2.757,0.878,0.176,3.0
LRG_160.97474_0.461.fits.png,KiDSDR4 J104353.937+002739.71,160.97474,0.461031,16.7442,0.00131491,0.15,0.12,0.17,1.8,1.47,0.968,0.174,2.0
LRG_343.21834_-33.3635.fits.png,KiDSDR4 J225252.401-332148.70,343.21834,-33.36353,18.792,0.0056286,0.44,0.41,0.46,1.8,1.47,0.95,0.171,2.0
LRG_8.22466_-30.4747.fits.png,KiDSDR4 J003253.918-302828.83,8.22466,-30.474676,19.0595,0.00593834,0.51,0.48,0.53,1.8,1.47,0.949,0.171,2.0
LRG_359.8027_-28.7037.fits.png,KiDSDR4 J235912.647-284213.22,359.802696,-28.703674,18.274,0.00307624,0.64,0.61,0.66,2.0,2.757,0.833,0.167,3.0
LRG_14.35219_-32.7315.fits.png,KiDSDR4 J005724.524-324353.35,14.352186,-32.731488,18.0356,0.00244733,0.3,0.26,0.32,2.0,2.757,0.825,0.165,3.0
LRG_204.52421_-2.4881.fits.png,KiDSDR4 J133805.809-022917.07,204.524208,-2.488076,18.1597,0.00250839,0.67,0.64,0.69,2.0,2.757,0.814,0.163,3.0
LRG_216.3946_2.5116.fits.png,KiDSDR4 J142534.703+023041.84,216.394596,2.511625,18.4645,0.00436091,0.37,0.34,0.39,1.8,1.47,0.904,0.163,2.0
LRG_12.74203_-28.11.fits.png,KiDSDR4 J005058.088-280636.03,12.742034,-28.110011,18.2134,0.00307302,0.35,0.32,0.38,1.8,1.47,0.848,0.153,2.0
LRG_140.57001_-0.327.fits.png,KiDSDR4 J092216.803-001937.22,140.570014,-0.327006,18.7952,0.00558118,0.49,0.46,0.51,2.0,2.757,0.76,0.152,3.0
LRG_355.99441_-34.4356.fits.png,KiDSDR4 J234358.659-342608.22,355.994414,-34.435619,17.0954,0.0013435,0.22,0.19,0.24,1.8,1.47,0.772,0.139,2.0
LRG_238.16239_0.9714.fits.png,KiDSDR4 J155238.973+005816.94,238.162391,0.971375,19.9972,0.00498387,0.47,0.43,0.49,1.4,2.8,0.992,0.139,4.0
galaxy_29.65367_-31.9453.fits.png,KiDSDR4 J015836.881-315643.14,29.653672,-31.945317,19.3357,0.00473117,0.34,0.31,0.37,1.4,2.8,0.982,0.137,4.0
LRG_0.43561_-32.1936.fits.png,KiDSDR4 J000144.546-321137.11,0.435611,-32.193643,18.0171,0.00218832,0.43,0.4,0.45,1.4,2.8,0.947,0.133,4.0
LRG_4.32566_-27.8741.fits.png,KiDSDR4 J001718.159-275226.82,4.325665,-27.874118,18.498,0.00333856,0.42,0.39,0.44,1.4,2.8,0.928,0.13,4.0
LRG_229.93938_-1.3426.fits.png,KiDSDR4 J151945.451-012033.24,229.93938,-1.342567,20.0,0.0141663,0.55,0.51,0.58,1.4,2.8,0.885,0.124,4.0
LRG_352.17115_-32.4137.fits.png,KiDSDR4 J232841.076-322449.37,352.171154,-32.413714,17.9119,0.0019336,0.32,0.29,0.34,1.4,2.8,0.871,0.122,4.0
galaxy_355.16814_-31.7637.fits.png,KiDSDR4 J234040.352-314549.26,355.168135,-31.763684,18.4256,0.0023908,0.31,0.28,0.33,1.2,1.47,0.999,0.12,3.0
galaxy_18.93749_-31.6801.fits.png,KiDSDR4 J011544.996-314048.32,18.937486,-31.680089,19.853,0.00963826,0.49,0.46,0.52,1.2,1.47,0.996,0.12,3.0
galaxy_176.51342_1.9211.fits.png,KiDSDR4 J114603.221+015515.85,176.513424,1.921071,19.4872,0.00571044,0.3,0.27,0.33,1.2,1.47,0.992,0.119,3.0
galaxy_182.60462_-2.1557.fits.png,KiDSDR4 J121025.108-020920.52,182.604619,-2.155702,18.2683,0.00297125,0.35,0.32,0.37,1.2,1.47,0.995,0.119,3.0
galaxy_215.70142_1.33.fits.png,KiDSDR4 J142248.341+011947.89,215.701423,1.329972,19.2113,0.00582994,0.43,0.39,0.45,1.2,1.47,0.994,0.119,3.0
galaxy_347.82705_-35.3937.fits.png,KiDSDR4 J231118.492-352337.33,347.82705,-35.393703,18.3786,0.00483874,0.25,0.22,0.27,1.2,1.47,0.994,0.119,3.0
LRG_132.94988_2.9203.fits.png,KiDSDR4 J085147.971+025513.04,132.949883,2.92029,17.9115,0.00332499,0.42,0.39,0.44,1.4,2.8,0.84,0.118,4.0
LRG_205.10219_-0.5874.fits.png,KiDSDR4 J134024.525-003514.67,205.10219,-0.587409,19.4517,0.00609461,0.44,0.41,0.46,1.4,2.8,0.844,0.118,4.0
LRG_183.09899_-1.551.fits.png,KiDSDR4 J121223.757-013303.65,183.098991,-1.551014,19.8398,0.00613844,0.49,0.46,0.51,1.4,2.8,0.833,0.117,4.0
LRG_159.59159_-0.8078.fits.png,KiDSDR4 J103821.981-004828.04,159.591591,-0.807789,16.8725,0.00104351,0.16,0.13,0.18,1.2,1.47,0.937,0.112,3.0
LRG_351.04431_-29.1784.fits.png,KiDSDR4 J232410.635-291042.35,351.044313,-29.178433,18.8293,0.0043982,0.43,0.4,0.45,1.4,2.8,0.776,0.109,4.0
LRG_23.2556_-29.5435.fits.png,KiDSDR4 J013301.343-293236.54,23.255597,-29.543485,17.5916,0.0018073,0.31,0.28,0.33,1.2,1.47,0.817,0.098,3.0
LRG_214.50005_2.6637.fits.png,KiDSDR4 J141800.011+023949.18,214.500046,2.663662,18.9243,0.00511382,0.47,0.44,0.49,1.2,1.47,0.774,0.093,3.0
galaxy_215.7348_-0.0797.fits.png,KiDSDR4 J142256.351-000446.85,215.734799,-0.079683,18.8298,0.00534349,0.59,0.56,0.62,0.6,1.2,0.999,0.06,4.0
LRG_187.1165_-2.5306.fits.png,KiDSDR4 J122827.960-023150.04,187.116501,-2.530567,16.8444,0.00341096,0.39,0.35,0.41,0.6,1.2,0.995,0.06,4.0
galaxy_176.69445_-2.4927.fits.png,KiDSDR4 J114646.668-022933.88,176.694451,-2.492746,19.1788,0.00644378,0.6,0.57,0.62,0.6,1.2,0.984,0.059,4.0
LRG_13.49187_-29.3846.fits.png,KiDSDR4 J005358.049-292304.38,13.491873,-29.384552,18.3066,0.00324484,0.48,0.44,0.5,0.6,1.2,0.902,0.054,4.0
LRG_215.69831_0.9496.fits.png,KiDSDR4 J142247.593+005658.56,215.698306,0.949601,18.9866,0.00538038,0.47,0.44,0.49,0.6,1.2,0.775,0.046,4.0
