,Unnamed: 0,GAMA_ID,ID,RA,DEC,SCORE,z1,sigma1,template1,z2,sigma2,template2,prob,error
0,0,3899011.0,2251.0,131.33397,-0.91563,64.0,0.40274181962013245,8.433294296264648,40.0,0.35960134863853455,3.5196540355682373,42.0,0.9999904036521912,54.17573547363281
1,1,376338.0,2660.0,132.98734,1.50468,30.0,,,,,,,,
2,2,323152.0,2967.0,130.54643000000002,1.64325,30.0,0.7215898633003235,11.317520141601562,47.0,0.35328593850135803,7.519263744354248,40.0,0.9894577264785767,29.413358688354492
3,3,663364.0,2669.0,140.35284,-0.97414,28.0,0.3221307694911957,11.63154125213623,40.0,0.7571136951446533,3.4038925170898438,47.0,1.0,41.38912582397461
4,4,3629152.0,1933.0,135.88863999999998,-0.97487,26.0,0.40662315487861633,4.328008651733398,40.0,0.7871177792549133,3.6913530826568604,40.0,0.7928287386894226,87.77485656738281
5,4,3629152.0,1933.0,135.88863999999998,-0.97487,26.0,0.4058126211166382,4.959479808807373,40.0,0.7883777022361755,3.1229379177093506,42.0,0.9682707786560059,78.94024658203125
6,5,3575500.0,1906.0,129.23265,-1.57512,26.0,0.3651945888996124,8.068477630615234,42.0,0.23253659904003143,4.330916404724121,43.0,0.999701738357544,57.593048095703125
7,6,197972.0,2007.0,137.85838,-0.7528,24.0,,,,,,,,
8,7,3883690.0,2756.0,134.57492,-1.55142,22.0,0.24808938801288605,9.996488571166992,40.0,0.6570139527320862,3.7962608337402344,47.0,0.9999966025352478,40.971492767333984
9,9,3911769.0,1704.0,138.66089,-1.11639,20.0,0.2795252799987793,9.453353881835938,40.0,-0.00019378548313397914,3.075279474258423,7.0,0.9999999403953552,45.14091491699219
10,9,3911769.0,1704.0,138.66089,-1.11639,20.0,0.2793223559856415,10.793142318725586,40.0,0.6818790435791016,3.501178741455078,45.0,0.9999999403953552,42.618690490722656
11,10,371400.0,2275.0,131.20438,1.00064,18.0,0.2949441075325012,10.016762733459473,40.0,0.2797389030456543,2.9788427352905273,47.0,1.0,43.25559616088867
12,11,204703.0,887.0,139.07321000000002,-0.40157,18.0,,,,,,,,
13,12,279505.0,654.0,137.68558000000002,1.05648,18.0,0.22626453638076782,12.158058166503906,40.0,0.01706302911043167,3.1191084384918213,45.0,1.0,39.127723693847656
14,13,386188.0,1677.0,130.0474,2.10251,18.0,0.35983577370643616,10.896883010864258,40.0,0.2916497588157654,3.0063295364379883,47.0,1.0,41.23919677734375
15,14,3599660.0,635.0,129.29506,-0.99631,18.0,0.3813742995262146,10.02219295501709,47.0,0.028298653662204742,6.865635395050049,47.0,0.8111270070075989,40.316890716552734
16,15,3891172.0,3056.0,139.22725,-1.54519,16.0,0.3392942547798157,3.3023488521575928,40.0,0.5007257461547852,2.915295362472534,40.0,0.24302861094474792,107.79889678955078
17,15,3891172.0,3056.0,139.22725,-1.54519,16.0,0.3395165801048279,8.936283111572266,40.0,0.609051525592804,4.3095502853393555,40.0,0.9999913573265076,50.43042755126953
18,16,345824.0,2914.0,131.13,2.0881,16.0,0.2755720615386963,12.957425117492676,40.0,0.7934569120407104,2.8951783180236816,47.0,1.0,36.9887809753418
19,17,3913677.0,983.0,139.91696000000002,-1.27522,16.0,0.2906123697757721,9.785056114196777,44.0,0.747833251953125,3.295304775238037,47.0,0.9999998807907104,30.82879066467285
20,19,3575548.0,160.0,129.34523000000002,-1.6112,16.0,0.3121389150619507,12.46335220336914,40.0,0.2271173745393753,3.02852201461792,47.0,1.0,40.33596420288086
21,21,3866174.0,1406.0,136.72111999999998,-1.95726,16.0,0.33926430344581604,8.70238971710205,42.0,0.41564151644706726,5.177086353302002,47.0,0.9949750900268555,56.359676361083984
22,27,3581425.0,632.0,132.27286999999998,-1.55421,12.0,0.3329375386238098,11.478761672973633,40.0,0.63414067029953,2.9815642833709717,43.0,1.0,40.75920104980469
23,27,3581425.0,632.0,132.27286999999998,-1.55421,12.0,0.3331272304058075,10.657333374023438,40.0,0.0751463994383812,2.8767757415771484,47.0,1.0,42.459896087646484
24,28,3611074.0,3200.0,135.45943,-1.35515,12.0,0.3297165334224701,7.204981803894043,41.0,0.05999794602394104,3.314973831176758,47.0,0.9998989105224609,72.32990264892578
25,30,600305.0,245.0,134.75916,0.23814,12.0,0.24335892498493195,10.951899528503418,40.0,0.6346657872200012,3.553774833679199,45.0,1.0,40.55467224121094
26,34,419170.0,3097.0,139.04584,2.67026,8.0,,,,,,,,
27,38,574628.0,1908.0,136.47115,-0.0465,8.0,0.3043074607849121,12.729042053222656,45.0,0.2748801112174988,5.4559149742126465,47.0,0.9999920725822449,32.15911102294922
28,39,347923.0,3477.0,139.59097,2.2376,8.0,0.28563427925109863,3.3819403648376465,41.0,0.7271751761436462,3.197808027267456,40.0,0.2872573435306549,86.46278381347656
29,39,347923.0,3477.0,139.59097,2.2376,8.0,0.28475603461265564,9.585489273071289,40.0,0.8462138175964355,3.1266109943389893,43.0,0.9999998807907104,47.16796112060547
30,42,209026.0,2577.0,131.487,0.09612,8.0,0.25570759177207947,12.244033813476562,40.0,0.6512852907180786,2.9503908157348633,46.0,1.0,37.98525619506836
31,43,371400.0,936.0,131.20436,1.00066,8.0,0.2949441075325012,10.016762733459473,40.0,0.2797389030456543,2.9788427352905273,47.0,1.0,43.25559616088867
32,45,3896212.0,1483.0,129.80597,-0.8302200000000001,8.0,0.38068437576293945,9.616504669189453,40.0,0.8475534915924072,4.122061252593994,42.0,0.9999988079071045,51.45428466796875
33,47,517603.0,3099.0,132.94489,2.51329,8.0,0.21115757524967194,12.535286903381348,40.0,0.0005871601752005517,3.1481692790985107,12.0,1.0,38.76516342163086
34,48,387064.0,1962.0,135.07565,2.33718,8.0,0.35171157121658325,12.301395416259766,44.0,0.006129486486315727,2.8415889739990234,47.0,1.0,33.27558135986328
35,48,387064.0,1962.0,135.07565,2.33718,8.0,0.351238489151001,8.271631240844727,42.0,0.24624787271022797,3.098602533340454,47.0,0.9999978542327881,49.91102600097656
36,50,211045.0,2222.0,140.92513,0.00929,8.0,0.31687816977500916,8.064555168151855,40.0,0.5808127522468567,3.2693562507629395,44.0,0.9999926090240479,53.115234375
37,50,211045.0,2222.0,140.92513,0.00929,8.0,0.316709965467453,8.467846870422363,40.0,-0.00029165975865907967,4.357141494750977,9.0,0.9999666810035706,47.624271392822266
38,51,419067.0,1179.0,138.61973999999998,2.63477,8.0,0.18767929077148438,11.541552543640137,40.0,0.7637652158737183,4.0084919929504395,43.0,1.0,44.7299919128418
39,52,209589.0,186.0,133.93068,0.11314,8.0,0.22323620319366455,11.661938667297363,45.0,0.6083737015724182,3.577707529067993,46.0,1.0,31.15981101989746
40,53,419305.0,853.0,139.63683999999998,2.88689,8.0,,,,,,,,
41,54,549039.0,702.0,130.01102,-0.45857,8.0,0.2691822946071625,11.529870986938477,40.0,0.344963401556015,3.356703519821167,45.0,1.0,39.61294174194336
42,55,380872.0,3397.0,130.36703,1.81084,8.0,0.3814312815666199,9.075965881347656,40.0,0.6318844556808472,3.4751415252685547,43.0,0.9999953508377075,53.84189224243164
43,57,3886216.0,1340.0,136.0962,-1.58451,8.0,0.4041702151298523,8.735891342163086,45.0,0.8859135508537292,5.979778289794922,45.0,0.9877343773841858,40.514793395996094
44,59,214697.0,1387.0,130.99026,0.61736,8.0,,,,,,,,
45,64,347735.0,3455.0,138.8727,2.31796,4.0,0.45339450240135193,9.047986030578613,40.0,0.6613774299621582,3.1971750259399414,47.0,0.9999995827674866,49.28541564941406
46,66,205060.0,176.0,140.5011,-0.38913,4.0,,,,,,,,
47,69,208601.0,1717.0,129.66942,0.05318,4.0,0.26807287335395813,12.035417556762695,40.0,0.8835583329200745,3.346439838409424,43.0,1.0,38.44004821777344
48,70,3908476.0,3328.0,136.56941,-1.21495,4.0,0.32505348324775696,6.69127082824707,40.0,0.6224021911621094,3.3631293773651123,42.0,0.9997111558914185,52.58221435546875
49,71,301292.0,1269.0,133.16687,1.23096,4.0,0.2618536949157715,12.369691848754883,40.0,0.006606011185795069,3.360323190689087,47.0,1.0,40.555213928222656
50,76,514128.0,189.0,138.65686000000002,2.594,4.0,,,,,,,,
51,77,345881.0,3478.0,131.45035,2.07844,4.0,0.20622269809246063,11.081997871398926,44.0,0.8523567318916321,3.4671590328216553,47.0,1.0,37.60477066040039
52,79,323200.0,3430.0,130.73718,1.55961,4.0,0.35043397545814514,8.342287063598633,40.0,0.4156284034252167,3.881047487258911,47.0,0.9999291300773621,64.91991424560547
53,79,323200.0,3430.0,130.73718,1.55961,4.0,0.4157901704311371,9.722792625427246,47.0,0.3498050570487976,6.658331871032715,40.0,0.9986246824264526,30.939067840576172
54,80,3626517.0,445.0,133.9433,-0.8440799999999999,4.0,0.28387346863746643,12.493971824645996,40.0,0.7628644108772278,3.0350027084350586,43.0,1.0,39.7933235168457
55,81,3898249.0,1810.0,130.94731000000002,-0.8981299999999999,4.0,0.20416666567325592,10.90028190612793,44.0,0.0001074311148840934,2.7731380462646484,11.0,1.0,38.031375885009766
56,85,323638.0,1213.0,132.58467,1.5456299999999998,4.0,0.3262427747249603,11.1962308883667,40.0,0.22369632124900818,3.123793601989746,47.0,1.0,42.02558517456055
57,86,575209.0,178.0,138.84712,-0.004370000000000001,4.0,0.2611143887042999,11.652472496032715,40.0,0.7716090083122253,2.7540552616119385,46.0,1.0,39.82018280029297
58,89,209548.0,2605.0,133.88799,0.07105,4.0,0.1987818479537964,12.246796607971191,40.0,0.560442328453064,3.0711898803710938,44.0,1.0,39.884796142578125
59,90,3587969.0,755.0,135.9112,-1.83449,4.0,0.29028621315956116,7.6162214279174805,40.0,0.3676973879337311,3.2509188652038574,46.0,0.9999740719795227,50.82171630859375
60,91,3911772.0,1578.0,138.6586,-1.30571,4.0,0.28248199820518494,11.69154167175293,40.0,0.801462709903717,2.6937766075134277,45.0,1.0,41.235286712646484
61,92,204098.0,1435.0,136.57536000000002,-0.41515,4.0,,,,,,,,
62,94,3579761.0,1736.0,131.40182,-1.50206,4.0,0.27876338362693787,5.97764778137207,40.0,0.6791730523109436,3.2472848892211914,40.0,0.998422384262085,61.20859909057617
63,94,3579761.0,1736.0,131.40182,-1.50206,4.0,0.27878761291503906,10.035252571105957,40.0,0.01959005743265152,3.4385926723480225,47.0,0.9999999403953552,43.19729232788086
64,95,371604.0,1507.0,132.12458999999998,0.8834799999999999,4.0,,,,,,,,
65,96,324417.0,2127.0,135.78537,1.75453,4.0,,,,,,,,
66,99,381602.0,3407.0,133.20793,1.80802,4.0,0.36947548389434814,11.830955505371094,43.0,0.32425060868263245,3.014603853225708,43.0,1.0,38.901947021484375
67,100,302278.0,481.0,137.08908,1.26083,4.0,,,,,,,,
68,101,3897932.0,825.0,130.79007,-0.8879100000000001,4.0,0.28698450326919556,11.819792747497559,40.0,0.0046395729295909405,3.5277910232543945,47.0,1.0,40.911808013916016
69,102,302198.0,2287.0,136.76682,1.37017,4.0,0.27167513966560364,12.859949111938477,40.0,0.6721805930137634,2.8051016330718994,46.0,1.0,36.73226547241211
70,103,549447.0,791.0,131.45369,-0.5431199999999999,4.0,,,,,,,,
71,104,518046.0,1601.0,134.80893,2.70237,4.0,0.23094414174556732,11.551687240600586,40.0,0.7694068551063538,3.3788557052612305,43.0,1.0,40.06643295288086
72,106,372022.0,1262.0,133.80411,1.07405,4.0,0.30905991792678833,13.928269386291504,46.0,0.27950412034988403,3.1519615650177,47.0,1.0,30.513883590698242
73,107,418840.0,3176.0,137.91167,2.60706,4.0,0.3149769604206085,11.619175910949707,40.0,0.7120062708854675,2.9084231853485107,40.0,1.0,46.58946990966797
74,108,387617.0,573.0,137.07834,2.38994,4.0,0.2927563786506653,12.003710746765137,40.0,0.5540562868118286,2.585259437561035,40.0,1.0,36.11894989013672
75,110,518676.0,1158.0,137.46832,2.81481,4.0,0.22562392055988312,14.571623802185059,45.0,0.19741642475128174,3.570939779281616,47.0,1.0,31.20343589782715
76,111,215373.0,1607.0,133.64789,0.46448,4.0,0.3255872428417206,11.490988731384277,44.0,0.25082483887672424,3.5192582607269287,40.0,1.0,30.06406593322754
77,112,204881.0,2644.0,139.86987,-0.35594000000000003,4.0,0.3263564109802246,6.750406742095947,40.0,0.7612611651420593,3.128546714782715,43.0,0.9997800588607788,53.105255126953125
78,113,345595.0,3294.0,130.02208000000002,1.90541,4.0,0.359454870223999,7.250385284423828,40.0,0.39231476187705994,3.2381627559661865,47.0,0.9998730421066284,72.80669403076172
79,113,345595.0,3294.0,130.02208000000002,1.90541,4.0,0.6285544037818909,3.1113176345825195,41.0,0.3564671576023102,3.069291114807129,40.0,0.04137363284826279,126.5693130493164
80,113,345595.0,3294.0,130.02208000000002,1.90541,4.0,0.359895259141922,7.316125869750977,40.0,0.08408384025096893,3.734914779663086,47.0,0.9998680949211121,71.43119812011719
81,115,387244.0,1819.0,135.56917,2.36495,4.0,0.21772262454032898,12.368897438049316,40.0,0.7123265266418457,3.3477907180786133,47.0,1.0,38.65888595581055
82,116,575245.0,1767.0,139.11212,-0.04138,4.0,0.29154664278030396,8.302957534790039,40.0,0.06676062941551208,2.9396321773529053,47.0,0.9999980330467224,52.65733337402344
83,117,642024.0,3084.0,140.5068,-1.27266,4.0,0.18448930978775024,12.385135650634766,40.0,0.7589848637580872,3.0829720497131348,43.0,1.0,39.09468078613281
84,118,375921.0,2906.0,131.2854,1.36765,4.0,0.29211437702178955,12.394143104553223,40.0,0.3698590397834778,3.1681222915649414,45.0,1.0,42.417259216308594
85,119,422178.0,2520.0,129.74776,2.48322,4.0,0.35866865515708923,11.332805633544922,40.0,0.7882426977157593,2.8496363162994385,43.0,1.0,48.02913284301758
86,120,345716.0,1854.0,130.765,1.91609,4.0,0.3030848801136017,12.422673225402832,40.0,0.03836679086089134,3.185015916824341,47.0,1.0,38.54195022583008
87,121,371549.0,63.0,131.7998,0.90489,4.0,0.34701627492904663,11.485751152038574,40.0,0.0006444940227083862,2.6105942726135254,19.0,1.0,40.74140167236328
88,123,386213.0,3008.0,130.6132,2.12032,4.0,0.09594716876745224,12.074329376220703,40.0,0.6268757581710815,3.0036308765411377,43.0,1.0,37.397315979003906
89,124,517068.0,3063.0,130.5939,2.46245,4.0,,,,,,,,
90,125,3585654.0,2560.0,134.66179,-1.65638,4.0,0.33208972215652466,9.492582321166992,40.0,0.8957464098930359,3.5397913455963135,45.0,0.999999463558197,47.517234802246094
91,126,3611088.0,1743.0,135.38005,-1.29831,4.0,0.23149491846561432,5.983080863952637,40.0,0.5239608287811279,2.987675905227661,40.0,0.9985330104827881,63.13998794555664
92,126,3611088.0,1743.0,135.38005,-1.29831,4.0,0.23190343379974365,9.052865982055664,40.0,0.7715562582015991,4.793195724487305,43.0,0.9999277591705322,43.36043930053711
93,127,214595.0,1608.0,130.76736,0.49778,4.0,0.28040823340415955,10.301304817199707,40.0,0.5677693486213684,3.419597864151001,43.0,0.9999998807907104,47.01552200317383
94,128,622085.0,1841.0,130.78285,0.70524,4.0,0.33082613348960876,16.357318878173828,47.0,0.300613135099411,5.387784957885742,47.0,1.0,25.940471649169922
95,131,3609514.0,970.0,134.4621,-1.32389,4.0,0.4043063819408417,10.292344093322754,42.0,0.031394731253385544,3.04357647895813,46.0,1.0,44.7139778137207
96,132,3616694.0,3082.0,138.8031,-1.37304,4.0,0.43879154324531555,7.757087230682373,40.0,0.26854363083839417,3.538975477218628,42.0,0.9999109506607056,57.854522705078125
97,135,3599660.0,36.0,129.29506999999998,-0.99634,4.0,0.3813742995262146,10.02219295501709,47.0,0.028298653662204742,6.865635395050049,47.0,0.8111270070075989,40.316890716552734
98,136,208755.0,964.0,130.07007,0.17884,4.0,0.27081483602523804,11.299729347229004,40.0,0.012458913959562778,2.883903741836548,47.0,1.0,42.796043395996094
99,137,324461.0,1293.0,136.0175,1.7465400000000002,4.0,0.23625941574573517,11.845823287963867,40.0,0.609337329864502,2.7315618991851807,42.0,1.0,41.34626388549805
100,138,279786.0,2958.0,139.34386,1.02357,4.0,,,,,,,,
101,141,373093.0,2897.0,139.30637,1.19776,4.0,0.38399145007133484,8.714599609375,40.0,0.8374122977256775,4.373899936676025,43.0,0.9998424649238586,54.19796371459961
102,142,517251.0,729.0,131.42297,2.4245,4.0,0.4183921813964844,11.490439414978027,40.0,0.5378563404083252,3.0016183853149414,43.0,1.0,43.8328857421875
103,143,3882191.0,2558.0,133.69397,-1.36032,54.0,0.35561513900756836,7.111570358276367,40.0,0.35056355595588684,4.771883964538574,40.0,0.9758792519569397,70.52218627929688
104,143,3882191.0,2558.0,133.69397,-1.36032,54.0,0.3555081784725189,5.474225044250488,41.0,0.3517100512981415,4.421235084533691,40.0,0.7301874756813049,86.07929229736328
105,144,623351.0,2429.0,138.37955,0.65181,12.0,0.4091112017631531,11.193082809448242,40.0,0.09950754791498184,2.610018491744995,46.0,1.0,42.03419494628906
106,146,345423.0,1938.0,129.35904,1.94427,42.0,0.3956800699234009,9.291465759277344,40.0,9.72155830822885e-05,2.8079161643981934,19.0,0.9999998807907104,45.085899353027344
107,147,345423.0,1800.0,129.35904,1.94428,4.0,0.3956800699234009,9.291465759277344,40.0,9.72155830822885e-05,2.8079161643981934,19.0,0.9999998807907104,45.085899353027344
108,149,231282.0,2058.0,183.07338,1.88558,58.0,,,,,,,,
109,150,561459.0,2187.0,183.60019,-0.53509,42.0,,,,,,,,
110,151,165409.0,3098.0,181.19672,-2.7200900000000003,38.0,,,,,,,,
111,152,173045.0,534.0,185.64714,-2.42117,36.0,0.25558531284332275,9.231234550476074,44.0,0.4946501553058624,3.595379114151001,40.0,0.9999960660934448,28.058637619018555
112,153,584826.0,817.0,180.41615,-0.20731,32.0,,,,,,,,
113,155,98583.0,2369.0,178.83655,0.8845700000000001,30.0,0.2829500138759613,10.192718505859375,40.0,0.8288580179214478,3.7566299438476562,45.0,0.9999971985816956,49.17961502075195
114,156,583457.0,3357.0,174.8049,-0.00257,28.0,0.26364102959632874,14.122949600219727,46.0,0.26728302240371704,3.718014717102051,43.0,1.0,26.40053939819336
115,157,231281.0,1822.0,183.06471,1.91352,28.0,0.4005952477455139,11.908512115478516,40.0,0.11676301807165146,2.754232883453369,47.0,1.0,41.1884880065918
116,158,124486.0,2553.0,179.73003,-2.51895,28.0,,,,,,,,
117,159,186586.0,1180.0,185.1191,-1.5125,26.0,0.28192460536956787,10.517422676086426,40.0,0.5690225958824158,2.9667813777923584,42.0,1.0,40.08103942871094
118,160,125077.0,2922.0,182.40587,-2.63013,26.0,0.34157595038414,9.897278785705566,40.0,0.3385985493659973,3.164715528488159,47.0,1.0,41.853851318359375
119,161,145278.0,1551.0,183.83234,-1.41031,24.0,,,,,,,,
120,162,561967.0,1252.0,185.57948,-0.56586,22.0,,,,,,,,
121,163,41064.0,2347.0,184.11784,-0.80592,22.0,0.3486086428165436,10.824921607971191,40.0,0.26024484634399414,2.909571886062622,47.0,1.0,39.27837371826172
122,166,165871.0,2803.0,183.70247,-2.78789,18.0,,,,,,,,
123,167,585328.0,3234.0,182.36838,-0.00889,18.0,0.20466271042823792,11.430782318115234,40.0,0.7887411713600159,3.3716747760772705,43.0,1.0,39.34497833251953
124,168,164145.0,2805.0,176.55307,-2.77556,16.0,0.09655099362134933,12.338850975036621,40.0,0.4266672730445862,2.972437620162964,44.0,1.0,40.14973068237305
125,169,143250.0,2490.0,174.94516000000004,-1.24299,16.0,,,,,,,,
126,170,271500.0,2496.0,174.51166,1.35002,16.0,,,,,,,,
127,171,138582.0,2828.0,183.14009,-1.827,14.0,0.3251754939556122,9.727863311767578,44.0,0.4326481819152832,4.904556751251221,47.0,0.999946653842926,35.335025787353516
128,173,84533.0,2409.0,178.51997,0.60517,14.0,,,,,,,,
129,181,6983.0,1783.0,175.1279,0.7379600000000001,12.0,0.2800199091434479,10.392796516418457,40.0,0.02019548788666725,3.276458740234375,47.0,1.0,38.74980163574219
130,182,609518.0,2869.0,175.94742,0.33676,12.0,0.25853559374809265,10.918831825256348,40.0,0.07281215488910675,3.9463462829589844,45.0,0.9999996423721313,39.57355499267578
131,183,123617.0,3236.0,176.58762,-2.61663,12.0,,,,,,,,
132,184,535401.0,2579.0,177.58995,-1.01635,12.0,0.30833232402801514,12.900524139404297,42.0,0.7957489490509033,3.1740193367004395,47.0,1.0,37.99690628051758
133,185,583936.0,1341.0,177.34238,-0.204,12.0,,,,,,,,
134,187,69402.0,995.0,174.21778999999995,0.09174,12.0,0.20923954248428345,12.342422485351562,40.0,-0.0016013258136808872,3.2279186248779297,12.0,1.0,38.71685028076172
135,188,586347.0,2615.0,184.59625,-0.17178,8.0,0.3015408515930176,11.951626777648926,42.0,0.0017168883932754397,2.971723794937134,18.0,1.0,39.60334014892578
136,191,396624.0,3483.0,174.28986,1.59304,8.0,0.2363569140434265,11.308847427368164,40.0,0.6095730662345886,2.7995965480804443,43.0,1.0,41.72096633911133
137,195,220449.0,1457.0,181.63983,1.47473,8.0,0.2855720818042755,12.446106910705566,40.0,0.02406792901456356,2.8474392890930176,47.0,1.0,39.902320861816406
138,197,117089.0,113.0,177.05359,-2.9371,8.0,0.32251450419425964,10.813065528869629,42.0,0.46317750215530396,2.706653594970703,40.0,1.0,37.18415832519531
139,201,561058.0,3349.0,182.5603,-0.4954,8.0,0.3202874958515167,9.753260612487793,40.0,0.8555517792701721,3.6351492404937744,43.0,0.9999997019767761,48.4037971496582
140,202,84425.0,2562.0,177.77478,0.42791,8.0,0.28586745262145996,12.25743293762207,40.0,0.6736734509468079,3.1225991249084473,43.0,1.0,38.429664611816406
141,203,165293.0,2144.0,180.6015,-2.74642,8.0,0.25946173071861267,9.833870887756348,40.0,0.8707607984542847,3.698742389678955,43.0,0.9999997019767761,45.05146789550781
142,205,117332.0,370.0,177.80586,-2.9669,8.0,0.3302306532859802,12.731683731079102,40.0,0.037310872226953506,2.8682734966278076,47.0,1.0,38.80458450317383
143,207,178715.0,2362.0,181.58363,-2.0735200000000003,8.0,,,,,,,,
144,212,124620.0,2249.0,180.11038,-2.68407,8.0,0.27979251742362976,9.350532531738281,40.0,0.6828173398971558,3.200822353363037,44.0,0.9999998807907104,43.612571716308594
145,213,535089.0,1029.0,176.43518,-0.8790899999999999,8.0,,,,,,,,
146,215,290276.0,486.0,185.39908,1.6684599999999998,8.0,,,,,,,,
147,216,131917.0,1818.0,183.24023,-2.1104700000000003,8.0,0.37761184573173523,7.547264575958252,42.0,0.49848851561546326,3.5612077713012695,43.0,0.9998906254768372,55.12791061401367
148,217,145203.0,1939.0,183.3706,-1.38407,8.0,0.338887482881546,7.433445453643799,40.0,0.06927647441625595,5.039492130279541,46.0,0.9939882755279541,71.33643341064453
149,219,138014.0,1421.0,180.4828,-1.83308,8.0,0.21117828786373138,4.04918098449707,47.0,0.27350011467933655,3.5393097400665283,42.0,0.520858883857727,47.101829528808594
150,219,138014.0,1421.0,180.4828,-1.83308,8.0,0.2487235814332962,9.385992050170898,40.0,0.3073708713054657,3.552395820617676,47.0,0.9999985098838806,51.79115295410156
151,220,55416.0,1702.0,181.97096,-0.36712,8.0,0.6412136554718018,3.973430633544922,42.0,0.6616196632385254,3.4233641624450684,43.0,0.19717124104499817,88.04875183105469
152,220,55416.0,1702.0,181.97096,-0.36712,8.0,0.42264077067375183,7.610091209411621,40.0,0.4522664248943329,3.106813907623291,47.0,0.999985933303833,61.9273567199707
153,222,56080.0,1191.0,184.48257,-0.28244,8.0,0.3238997161388397,8.046834945678711,40.0,0.28176358342170715,3.218050479888916,42.0,0.999991238117218,47.28319549560547
154,223,231213.0,1627.0,182.83478,1.9272,4.0,0.2515203356742859,12.184603691101074,40.0,-0.0020928101148456335,2.840819835662842,47.0,1.0,40.99867630004883
155,225,143928.0,2212.0,178.16974,-1.31916,4.0,0.37120628356933594,12.155668258666992,40.0,0.09241846203804016,2.772233724594116,47.0,1.0,41.557437896728516
156,226,559216.0,2507.0,176.11624,-0.61902,4.0,0.2502009868621826,9.004105567932129,40.0,0.7136363387107849,3.6533803939819336,45.0,0.9999992847442627,50.808048248291016
157,227,231431.0,2816.0,183.69348,1.97185,4.0,0.25535935163497925,10.867072105407715,40.0,0.6336553692817688,3.545022964477539,42.0,1.0,41.3205451965332
158,228,24397.0,2112.0,185.59486,1.09322,4.0,,,,,,,,
159,229,179666.0,649.0,185.93364,-1.96194,4.0,,,,,,,,
160,230,55314.0,1891.0,181.49326,-0.28503,4.0,0.37646064162254333,6.124114513397217,42.0,0.5433760285377502,3.5190269947052,40.0,0.9978683590888977,74.6933822631836
161,230,55314.0,1891.0,181.49326,-0.28503,4.0,0.37681299448013306,10.909716606140137,44.0,0.03448028117418289,3.846557378768921,47.0,0.9999998211860657,34.39535140991211
162,231,69781.0,865.0,176.55864,0.07481,4.0,0.26208898425102234,12.3543119430542,40.0,0.6593535542488098,2.7613019943237305,45.0,1.0,36.35726547241211
163,232,611249.0,22.0,184.12447,0.35697,4.0,0.3733179271221161,10.263260841369629,44.0,0.84395831823349,3.9585483074188232,45.0,0.9999987483024597,40.781436920166016
164,234,55815.0,3368.0,183.55873,-0.26606,4.0,0.24872924387454987,9.487428665161133,40.0,0.3359052240848541,3.86094069480896,47.0,0.9999924898147583,43.77366638183594
165,235,163592.0,155.0,174.15141,-2.71129,4.0,0.23023787140846252,8.311396598815918,40.0,0.19565825164318085,3.147568464279175,47.0,0.9999980926513672,47.58286666870117
166,237,71440.0,201.0,184.7359,0.14865,4.0,0.26999664306640625,10.258282661437988,40.0,0.011500036343932152,2.942495584487915,47.0,1.0,46.57796859741211
167,238,40316.0,2624.0,180.51567,-0.6937399999999999,4.0,0.4031951427459717,4.890789031982422,40.0,0.29824376106262207,3.3683979511260986,45.0,0.9156895279884338,66.75102233886719
168,238,40316.0,2624.0,180.51567,-0.6937399999999999,4.0,0.40363091230392456,5.185855865478516,40.0,0.2143767923116684,3.440640449523926,45.0,0.9820229411125183,78.49360656738281
169,240,23705.0,2565.0,182.74438,1.19287,4.0,0.2863963842391968,13.089579582214355,40.0,0.025828246027231216,2.8831558227539062,47.0,1.0,34.56543731689453
170,242,32615.0,1375.0,185.47041,-1.14149,4.0,0.25680011510849,11.054919242858887,44.0,0.8675703406333923,2.939117670059204,43.0,1.0,32.14706802368164
171,244,272448.0,2541.0,179.41953,1.42309,4.0,0.2717644274234772,11.36670207977295,40.0,0.8888060450553894,4.819479465484619,43.0,0.9999996423721313,41.047550201416016
172,245,177351.0,29.0,176.43259,-1.9811,4.0,,,,,,,,
173,246,56108.0,1590.0,184.63742,-0.23207,4.0,0.3080032467842102,9.262081146240234,40.0,0.19331851601600647,4.347740173339844,46.0,0.99991774559021,44.5531120300293
174,246,56108.0,1590.0,184.63742,-0.23207,4.0,0.3078634738922119,9.559056282043457,40.0,0.5695748925209045,3.3868701457977295,40.0,0.9999995231628418,44.77043533325195
175,248,271912.0,1595.0,176.87413,1.38795,4.0,0.23223744332790375,12.06818675994873,40.0,0.06621558219194412,2.9346015453338623,47.0,1.0,36.93486404418945
176,251,273287.0,2662.0,182.96048,1.33664,4.0,0.295216828584671,9.70102310180664,42.0,0.7036280035972595,3.1155319213867188,42.0,0.9999999403953552,45.510528564453125
177,252,171877.0,2059.0,180.13943,-2.43651,4.0,0.2123846858739853,9.354310035705566,40.0,0.8157516717910767,3.293322801589966,40.0,0.9999986290931702,49.98237609863281
178,253,143144.0,3329.0,174.21927,-1.39193,4.0,0.34025487303733826,9.685640335083008,40.0,0.7441173195838928,3.760718584060669,42.0,0.9999991059303284,42.511146545410156
179,256,611334.0,1517.0,184.42766,0.33915,4.0,0.30783501267433167,10.453988075256348,40.0,0.1533661186695099,4.026955604553223,46.0,0.9999997615814209,44.199005126953125
180,257,171454.0,1985.0,178.4246,-2.30788,4.0,,,,,,,,
181,258,172095.0,2959.0,180.96904,-2.33874,4.0,0.42558223009109497,7.204041004180908,42.0,0.1666128933429718,3.209092140197754,46.0,0.9999265670776367,60.5022087097168
182,259,99618.0,2999.0,183.61464,0.87977,4.0,0.27188369631767273,12.513648986816406,40.0,0.8879566192626953,3.5972702503204346,43.0,1.0,37.42086410522461
183,268,165939.0,3378.0,184.10762,-2.84039,4.0,0.34155336022377014,8.505561828613281,42.0,-3.2109198855323484e-06,4.150723457336426,47.0,0.9999521970748901,50.27128219604492
184,272,69466.0,2818.0,174.80168,0.03706,4.0,0.2651514410972595,12.180621147155762,40.0,0.16679424047470093,2.7605512142181396,45.0,1.0,39.07674789428711
185,273,219807.0,2529.0,179.20996,1.62051,4.0,0.21314039826393127,11.496821403503418,40.0,0.8012699484825134,3.7600293159484863,43.0,0.9999999403953552,40.20234680175781
186,275,290269.0,1357.0,185.47202,1.74911,4.0,0.23684558272361755,12.900395393371582,40.0,0.6427772045135498,3.1862523555755615,47.0,1.0,36.65437316894531
187,275,290269.0,1357.0,185.47202,1.74911,4.0,0.23701070249080658,9.876306533813477,40.0,0.6996560096740723,3.631131887435913,43.0,0.999999463558197,41.326053619384766
188,276,165812.0,1162.0,183.33772,-2.73016,4.0,,,,,,,,
189,277,179269.0,2443.0,183.98729,-2.01746,4.0,0.3418145477771759,9.691582679748535,40.0,0.08135505020618439,4.133742809295654,47.0,0.9999822378158569,41.28647994995117
190,278,220682.0,1618.0,182.74348,1.59789,4.0,0.28891828656196594,9.838969230651855,40.0,0.36136606335639954,9.816245079040527,47.0,0.8645688891410828,45.034095764160156
191,278,220682.0,1618.0,182.74348,1.59789,4.0,0.2888886034488678,9.714017868041992,40.0,0.36128461360931396,9.452859878540039,47.0,0.7100459337234497,43.63288497924805
192,279,583789.0,1154.0,176.66692,-0.11009,4.0,,,,,,,,
193,280,69809.0,2960.0,176.69817,0.02717,4.0,,,,,,,,
194,281,186109.0,3189.0,182.97241,-1.49217,4.0,0.33578720688819885,11.910443305969238,40.0,0.06659721583127975,2.8693792819976807,46.0,1.0,39.20938491821289
195,282,145196.0,2305.0,183.26285,-1.34695,4.0,0.2528766095638275,8.324503898620605,40.0,-0.0006254629115574062,6.612068176269531,47.0,0.8649447560310364,50.38764572143555
196,282,145196.0,2305.0,183.26285,-1.34695,4.0,0.2525731027126312,7.627409934997559,40.0,0.646328866481781,3.492371082305908,43.0,0.9999164342880249,52.32482147216797
197,285,7083.0,2072.0,175.55986,0.73851,4.0,0.31081804633140564,12.168315887451172,40.0,0.04301268234848976,3.2224056720733643,47.0,1.0,40.55235290527344
198,287,31427.0,610.0,179.70218,-1.1041299999999998,4.0,0.3317584991455078,12.064910888671875,44.0,0.32804539799690247,3.928969383239746,47.0,1.0,31.437061309814453
199,288,23160.0,2775.0,180.45076,1.1349,4.0,,,,,,,,
200,289,23010.0,2397.0,179.90819,1.19835,4.0,0.25856444239616394,10.231720924377441,40.0,0.8681350350379944,3.3502821922302246,43.0,0.9999999403953552,43.74739074707031
201,290,230426.0,2436.0,179.70958000000005,1.99461,4.0,,,,,,,,
202,293,271500.0,375.0,174.51164,1.35002,4.0,,,,,,,,
203,295,185602.0,1145.0,180.87231,-1.50094,4.0,0.24961166083812714,12.753033638000488,40.0,0.8557909727096558,2.9713504314422607,43.0,1.0,37.84607696533203
204,296,177055.0,3464.0,175.45578,-1.97136,4.0,0.2893007695674896,10.459782600402832,40.0,0.027630925178527832,3.2559711933135986,47.0,1.0,39.12892150878906
205,297,143752.0,1689.0,177.28355,-1.3395,4.0,0.3338156044483185,12.262755393981934,40.0,0.6327885985374451,2.995530128479004,47.0,1.0,37.47438430786133
206,298,130525.0,2151.0,177.75545,-2.10927,4.0,0.10592132061719894,3.4912400245666504,47.0,0.6766173243522644,3.226210117340088,41.0,0.3551546335220337,78.19132232666016
207,298,130525.0,2151.0,177.75545,-2.10927,4.0,0.3382047116756439,8.015204429626465,40.0,0.007534554228186607,3.269071578979492,47.0,0.9999955892562866,54.119468688964844
208,300,136604.0,1642.0,175.87355,-1.74164,58.0,,,,,,,,
209,302,184530.0,2250.0,176.70961,-1.43842,4.0,0.3906523585319519,10.292731285095215,40.0,0.15642881393432617,9.673656463623047,45.0,0.9605602025985718,47.6322135925293
210,302,184530.0,2250.0,176.70961,-1.43842,4.0,0.3905285894870758,9.843238830566406,40.0,0.0007882541394792497,4.977860450744629,13.0,0.9999604821205139,49.29393768310547
211,303,49576.0,704.0,221.51454,-0.6712899999999999,58.0,,,,,,,,
212,304,15790.0,1258.0,216.7776,0.7208,42.0,,,,,,,,
213,305,568617.0,105.0,215.70692000000003,-0.55323,36.0,0.4527124762535095,8.065027236938477,42.0,0.3702910840511322,3.3885200023651123,42.0,0.9999816417694092,53.112831115722656
214,306,619609.0,315.0,220.63545,0.29188000000000003,32.0,,,,,,,,
215,307,568366.0,2664.0,214.82709,-0.42031,28.0,0.2650984525680542,7.562114715576172,40.0,0.013614499010145664,5.692988872528076,45.0,0.8655875325202942,47.97547149658203
216,308,569270.0,1690.0,218.5273,-0.4848,26.0,0.33841872215270996,8.432790756225586,40.0,0.6083976030349731,4.00839900970459,40.0,0.9999083876609802,59.239192962646484
217,309,64911.0,1741.0,220.62912000000003,-0.39809,26.0,,,,,,,,
218,311,249703.0,1630.0,212.6116,2.14905,22.0,,,,,,,,
219,312,298994.0,2465.0,222.77661,1.19268,22.0,,,,,,,,
220,313,107432.0,987.0,219.88698,0.8993899999999999,20.0,,,,,,,,
221,314,92918.0,2098.0,217.90807,0.4978,18.0,0.4060841202735901,10.200376510620117,40.0,0.7255886793136597,2.8738853931427,43.0,1.0,45.01422119140625
222,315,92606.0,416.0,216.96487,0.48495,18.0,,,,,,,,
223,316,544226.0,3212.0,214.42336,-0.8924700000000001,18.0,0.22704437375068665,9.393048286437988,40.0,0.6498237252235413,7.239895820617676,46.0,0.996205747127533,45.35596466064453
224,316,544226.0,3212.0,214.42336,-0.8924700000000001,18.0,0.6498517394065857,6.4098219871521,47.0,0.22703874111175537,6.293928146362305,40.0,0.36642855405807495,39.20055389404297
225,317,77991.0,1271.0,215.63469,0.026330000000000003,16.0,,,,,,,,
226,318,363092.0,925.0,217.98772,2.58088,16.0,,,,,,,,
227,319,250715.0,1692.0,215.53992,2.15265,16.0,,,,,,,,
228,320,594552.0,3012.0,220.49692,-0.01709,16.0,0.35993456840515137,10.176191329956055,47.0,0.3553548753261566,8.791006088256836,40.0,0.9635315537452698,29.67083740234375
229,321,618700.0,967.0,216.44481,0.33619,16.0,0.2888904809951782,9.463759422302246,40.0,0.6399160027503967,3.4951632022857666,45.0,0.9999992251396179,45.73212432861328
230,322,15705.0,2668.0,216.60178,0.83273,16.0,,,,,,,,
231,323,911856.0,1452.0,219.6719,-0.4812,16.0,0.09586402028799057,3.3998191356658936,47.0,0.4721543788909912,3.244019031524658,46.0,0.2978285253047943,92.56248474121094
232,323,911856.0,1452.0,219.6719,-0.4812,16.0,0.5435964465141296,9.025821685791016,40.0,0.2293083518743515,4.100119113922119,47.0,0.999890148639679,60.8905029296875
233,324,249961.0,398.0,213.5445,2.0705,14.0,0.2290651798248291,13.759872436523438,45.0,0.23236745595932007,5.604676246643066,47.0,0.9999933242797852,27.405853271484375
234,325,278118.0,35.0,212.90727,1.12222,14.0,,,,,,,,
235,326,569022.0,3479.0,217.39471,-0.44717,14.0,0.28113454580307007,11.313512802124023,42.0,0.8398751616477966,2.692682981491089,43.0,1.0,39.63151931762695
236,327,569805.0,3126.0,220.54369,-0.46504,12.0,,,,,,,,
237,328,261497.0,3466.0,214.74448,2.51797,12.0,0.31619012355804443,11.160442352294922,40.0,0.7308408617973328,4.159204959869385,43.0,0.9999997019767761,41.065513610839844
238,329,262874.0,26.0,221.61067000000003,2.2238900000000004,12.0,0.38558104634284973,6.221604347229004,40.0,0.8589239716529846,3.421708345413208,41.0,0.9991628527641296,65.07320404052734
239,329,262874.0,26.0,221.61067000000003,2.2238900000000004,12.0,0.3855178654193878,9.339181900024414,40.0,0.19462837278842926,4.816656112670898,47.0,0.999962329864502,45.55036544799805
240,330,250434.0,1719.0,214.6078,2.14697,12.0,,,,,,,,
241,331,278049.0,1104.0,211.60345,1.16362,12.0,,,,,,,,
242,332,505067.0,1523.0,218.2976,-1.92549,12.0,0.5946642756462097,3.4976820945739746,42.0,0.634211003780365,3.223982334136963,42.0,0.09696970880031586,93.78693389892578
243,333,237985.0,1673.0,212.81598,1.7765,12.0,0.17746059596538544,7.804599761962891,40.0,-0.0017970602493733168,3.5826950073242188,19.0,0.9998738169670105,52.944881439208984
244,334,250585.0,3213.0,215.15767,2.04204,10.0,,,,,,,,
245,335,362163.0,1230.0,213.7537,2.66748,8.0,0.3621525168418884,8.904330253601074,40.0,0.2257220596075058,3.21266508102417,44.0,0.9999986886978149,55.344024658203125
246,336,79099.0,796.0,220.06036,0.20155,8.0,0.3128514885902405,9.703170776367188,40.0,0.3896976411342621,3.321920871734619,40.0,0.9999999403953552,44.278175354003906
247,337,505502.0,405.0,220.18637,-1.99126,8.0,,,,,,,,
248,338,922203.0,184.0,218.68634,-0.16352,8.0,0.5497673153877258,9.479541778564453,40.0,0.49883323907852173,3.2684686183929443,43.0,0.9999991655349731,55.26394271850586
249,339,511700.0,1921.0,215.68222000000003,-1.20323,8.0,0.2741549611091614,6.522908687591553,40.0,0.6572263836860657,4.303887844085693,42.0,0.9785172343254089,57.220237731933594
250,340,362429.0,2390.0,215.00124,2.69891,8.0,0.3147733509540558,9.225486755371094,40.0,0.8888757228851318,3.6016321182250977,43.0,0.9999971985816956,44.68323516845703
251,341,77991.0,1790.0,215.63472,0.02638,8.0,,,,,,,,
252,342,567883.0,1416.0,213.65344,-0.46916,8.0,0.2625618577003479,11.774467468261719,40.0,0.0070314728654921055,3.2903597354888916,46.0,1.0,41.52793884277344
253,343,296451.0,2635.0,211.85399,1.55536,8.0,0.44453489780426025,9.042179107666016,40.0,0.8786750435829163,4.203336715698242,42.0,0.9999939203262329,49.97542190551758
254,344,77312.0,2749.0,212.84528,0.02337,8.0,0.3729970455169678,12.457383155822754,40.0,0.8049169778823853,4.062300205230713,42.0,1.0,38.93510055541992
255,345,543773.0,1973.0,212.90059,-0.95682,8.0,,,,,,,,
256,346,63135.0,152.0,214.68704,-0.22962,8.0,0.35561081767082214,10.978340148925781,40.0,0.6622291207313538,2.8526229858398438,47.0,1.0,43.71751403808594
257,347,320345.0,982.0,217.98141,1.80345,8.0,0.2773083448410034,11.049975395202637,40.0,0.6800206899642944,3.5509493350982666,45.0,1.0,42.96818923950195
258,348,62734.0,539.0,213.56206,-0.24168,8.0,0.27416789531707764,11.88359546661377,40.0,0.5974463224411011,3.7565712928771973,45.0,1.0,40.7535400390625
259,349,299045.0,2181.0,223.0323,1.15084,8.0,0.7624164819717407,4.024163246154785,42.0,0.4823862910270691,3.747514009475708,41.0,0.07404402643442154,91.42754364013672
260,350,884523.0,3446.0,218.72342000000003,-1.53014,8.0,0.5291037559509277,7.383744239807129,40.0,0.6208809018135071,3.6042914390563965,41.0,0.9999227523803711,52.838504791259766
261,350,884523.0,3446.0,218.72342000000003,-1.53014,8.0,0.529030978679657,6.953076362609863,40.0,0.5668296813964844,3.269418716430664,40.0,0.9997732043266296,61.35710144042969
262,351,592768.0,358.0,213.89685,-0.07243,4.0,,,,,,,,
263,352,63403.0,3264.0,215.6768,-0.25938,4.0,0.29297810792922974,7.888523578643799,40.0,0.716607928276062,3.354623794555664,42.0,0.9999843835830688,49.488128662109375
264,353,261359.0,1240.0,214.04005,2.41518,4.0,0.37636592984199524,9.29482364654541,40.0,0.21023234724998474,3.406972646713257,44.0,0.9999994039535522,48.930416107177734
265,354,592897.0,1204.0,214.41273,-0.16268,4.0,0.3696040213108063,5.338892459869385,40.0,0.8823959827423096,3.1648125648498535,43.0,0.9908294677734375,51.67131805419922
266,354,592897.0,1204.0,214.41273,-0.16268,4.0,0.3696368932723999,10.161678314208984,40.0,0.09071886539459229,3.315587043762207,47.0,1.0,43.969608306884766
267,355,262836.0,1953.0,221.40536,2.31397,4.0,0.418364942073822,10.22627067565918,42.0,0.14427031576633453,3.8695743083953857,47.0,0.9999998807907104,45.513973236083984
268,356,298902.0,2448.0,222.18031,1.17729,4.0,,,,,,,,
269,357,569047.0,323.0,217.2968,-0.46522,4.0,0.24698926508426666,4.6781086921691895,44.0,0.33275899291038513,4.612926959991455,42.0,0.25781744718551636,47.408935546875
270,357,569047.0,323.0,217.2968,-0.46522,4.0,0.3322451412677765,7.848951816558838,40.0,0.06028353050351143,3.6178317070007324,47.0,0.9999017119407654,52.714202880859375
271,358,513159.0,2123.0,221.91681,-0.99942,4.0,0.28945088386535645,9.708475112915039,40.0,0.7014451026916504,3.312683582305908,44.0,0.9999999403953552,40.63710021972656
272,359,16280.0,1026.0,218.04239,0.65258,4.0,0.4528171420097351,10.894888877868652,40.0,0.8918552398681641,3.273209571838379,40.0,1.0,42.327762603759766
273,360,267643.0,1750.0,223.32468,2.6478900000000003,4.0,0.3524492681026459,8.162455558776855,40.0,0.0566912479698658,3.2814443111419678,45.0,0.999984622001648,52.6215934753418
274,361,545534.0,1682.0,219.94438,-0.97582,4.0,0.32389432191848755,7.517623424530029,40.0,0.7395370006561279,3.138174295425415,41.0,0.999981701374054,48.96827697753906
275,362,298271.0,1722.0,219.08748,1.36664,4.0,,,,,,,,
276,363,511725.0,951.0,215.82188,-1.26624,4.0,0.14177300035953522,12.057884216308594,40.0,0.641287088394165,3.1899545192718506,43.0,1.0,36.482521057128906
277,364,593219.0,457.0,215.79222,-0.09455,4.0,0.4010081887245178,11.679271697998047,40.0,0.8600229024887085,3.847867012023926,45.0,1.0,41.26661682128906
278,365,63130.0,3119.0,214.61494,-0.28458,4.0,,,,,,,,
279,366,252054.0,1954.0,221.99893,1.98125,4.0,,,,,,,,
280,367,492742.0,3340.0,218.10612000000003,-1.30167,4.0,0.3593635857105255,7.738710880279541,40.0,0.08312875777482986,3.0535359382629395,43.0,0.9999824166297913,50.97838592529297
281,368,342308.0,501.0,215.069,2.22428,4.0,0.39056289196014404,9.589674949645996,45.0,0.3281242847442627,5.874611854553223,40.0,0.9990730285644531,44.66462326049805
282,369,78217.0,1712.0,215.95073,0.0075400000000000016,4.0,,,,,,,,
283,370,78854.0,1377.0,218.86758,0.05829,4.0,0.34328600764274597,5.920869827270508,40.0,0.6609829068183899,4.681939601898193,40.0,0.9497814774513245,61.661930084228516
284,370,78854.0,1377.0,218.86758,0.05829,4.0,0.030570894479751587,5.0822062492370605,44.0,0.391204833984375,3.941258192062378,47.0,0.7662340402603149,43.712310791015625
285,370,78854.0,1377.0,218.86758,0.05829,4.0,0.3436991572380066,7.477740287780762,40.0,0.6128408312797546,3.2501838207244873,41.0,0.9999794960021973,56.32891082763672
286,371,266612.0,1788.0,218.39003,2.90111,4.0,0.34138450026512146,10.388840675354004,40.0,0.3857516646385193,3.1403157711029053,40.0,1.0,44.9796257019043
287,372,262171.0,818.0,217.97697,2.40406,4.0,0.29105544090270996,8.446374893188477,40.0,0.6847575306892395,3.1563408374786377,40.0,0.9999976754188538,47.013404846191406
288,373,491536.0,2054.0,212.20938,-1.53839,4.0,0.47054755687713623,9.341739654541016,40.0,0.8011901378631592,3.4933979511260986,43.0,0.9999988079071045,55.912689208984375
289,374,617569.0,1418.0,212.16078,0.2401,4.0,0.31386977434158325,9.380717277526855,40.0,0.727821946144104,3.4270968437194824,43.0,0.9999999403953552,49.87385177612305
290,375,513290.0,1446.0,223.00017000000003,-1.07518,4.0,,,,,,,,
291,376,493496.0,1360.0,221.27144,-1.18307,4.0,,,,,,,,
292,377,16109.0,339.0,217.69655,0.79835,4.0,0.3000013828277588,12.122257232666016,40.0,0.2974212169647217,3.212562322616577,46.0,1.0,38.72792434692383
293,378,106154.0,2538.0,214.94325,0.91995,4.0,0.2503596842288971,10.44084644317627,40.0,0.008373221382498741,3.7856504917144775,47.0,0.999999463558197,44.24028015136719
294,379,298841.0,2573.0,222.0345,1.33095,4.0,0.360848069190979,9.918380737304688,40.0,0.08208298683166504,4.153726100921631,45.0,0.9999898672103882,49.617523193359375
295,380,227706.0,2859.0,214.58482,1.26891,4.0,0.46585792303085327,6.170980453491211,40.0,0.2098204642534256,3.6667423248291016,47.0,0.9837191700935364,61.63910675048828
296,381,319614.0,1575.0,215.10176,1.91675,4.0,0.3318215608596802,8.307943344116211,40.0,0.06421317160129547,3.7905192375183105,45.0,0.9998657703399658,49.744937896728516
297,381,319614.0,1575.0,215.10176,1.91675,4.0,0.3316050171852112,11.242464065551758,40.0,0.06142851337790489,3.2390456199645996,47.0,1.0,41.8997802734375
298,382,618212.0,373.0,214.67656,0.3966,4.0,0.4063494801521301,5.566605091094971,41.0,0.059588197618722916,3.031935930252075,47.0,0.9951944351196289,79.56322479248047
299,382,618212.0,373.0,214.67656,0.3966,4.0,0.20128431916236877,3.961831569671631,44.0,0.4063044786453247,3.5899288654327393,42.0,0.4265619218349457,45.134063720703125
300,382,618212.0,373.0,214.67656,0.3966,4.0,0.40652769804000854,9.680423736572266,44.0,0.046488985419273376,4.081754684448242,47.0,0.9999740123748779,40.7202262878418
301,383,363119.0,2836.0,218.15031,2.56884,4.0,0.34355607628822327,9.261415481567383,44.0,0.6852225065231323,3.0933148860931396,42.0,0.9999997615814209,40.769649505615234
302,384,238892.0,1924.0,215.56828,1.56082,4.0,0.30511635541915894,11.378454208374023,44.0,0.7162910103797913,3.843106746673584,45.0,1.0,37.945491790771484
303,385,251874.0,2253.0,220.77951,1.9728900000000005,4.0,0.33900901675224304,9.344691276550293,47.0,0.7982330322265625,6.804222106933594,45.0,0.9713600277900696,36.265525817871094
304,386,16102.0,1899.0,217.67545,0.81752,4.0,,,,,,,,
305,387,251925.0,1014.0,221.1959,1.96041,4.0,0.415409654378891,10.162164688110352,40.0,0.12773816287517548,3.5391852855682373,47.0,0.9999995231628418,53.510704040527344
306,388,361940.0,3358.0,212.97005,2.80015,4.0,0.46689578890800476,5.878504276275635,40.0,0.007879405282437801,3.2134435176849365,43.0,0.9950406551361084,72.09803771972656
307,389,618600.0,613.0,216.2635,0.26191,4.0,,,,,,,,
308,390,249470.0,2012.0,211.52118,2.15778,4.0,,,,,,,,
309,391,93440.0,1708.0,220.38841,0.48179,4.0,0.2647077441215515,10.328373908996582,40.0,0.26195722818374634,3.4818170070648193,44.0,0.9999998807907104,47.506526947021484
310,392,106052.0,2950.0,214.46526,0.93632,4.0,0.3227490782737732,8.991873741149902,40.0,0.05297298729419708,3.2907586097717285,47.0,0.9999977350234985,50.86144256591797
311,393,106569.0,1524.0,216.66547000000003,0.8499,4.0,,,,,,,,
312,394,342310.0,2163.0,215.08101,2.1713400000000003,4.0,0.3797509968280792,9.367025375366211,40.0,0.6925411820411682,3.493913173675537,43.0,0.9999998807907104,47.35982131958008
313,395,512651.0,190.0,219.56728,-1.0509700000000002,4.0,,,,,,,,
314,396,485318.0,2365.0,214.92287,-1.82512,4.0,0.3377358317375183,8.182918548583984,42.0,0.07885477691888809,2.8813657760620117,47.0,0.9999972581863403,51.053409576416016
315,397,507875.0,563.0,214.70021,-1.70514,4.0,0.5246051549911499,4.192110061645508,42.0,0.017751187086105347,3.9965693950653076,40.0,0.1945795863866806,102.27100372314453
316,397,507875.0,563.0,214.70021,-1.70514,4.0,0.3164950907230377,3.8312699794769287,40.0,0.6697331666946411,3.293867588043213,47.0,0.5926803350448608,94.9211654663086
317,398,544823.0,3091.0,217.08359,-0.87218,4.0,0.25116270780563354,12.106101989746094,40.0,-0.0023144250735640526,3.4998161792755127,47.0,1.0,41.6813850402832
318,399,48443.0,3416.0,217.08246,-0.67168,4.0,,,,,,,,
319,400,568878.0,986.0,216.80048,-0.4618,4.0,,,,,,,,
320,401,228630.0,2596.0,217.91565,1.23987,4.0,0.3608528971672058,9.120224952697754,40.0,0.5028541088104248,3.2032630443573,40.0,0.9999997615814209,43.12810134887695
321,402,508050.0,1905.0,215.57336,-1.7087900000000005,4.0,0.4164074659347534,7.608689308166504,40.0,0.1413463056087494,3.246277093887329,47.0,0.9999526739120483,52.423431396484375
322,402,508050.0,1905.0,215.57336,-1.7087900000000005,4.0,0.4165388345718384,5.481457233428955,40.0,0.2047271877527237,3.7135543823242188,40.0,0.9833397269248962,51.72885513305664
323,403,493630.0,723.0,221.83167000000003,-1.34871,4.0,0.35249263048171997,9.062631607055664,40.0,0.7593516707420349,3.6364965438842773,42.0,0.9999923706054688,49.2244873046875
324,404,592737.0,383.0,213.84665,-0.03468,4.0,,,,,,,,
325,405,49014.0,3174.0,219.2414,-0.8243799999999999,4.0,,,,,,,,
326,406,320653.0,2456.0,218.98695,1.81412,4.0,,,,,,,,
327,407,362243.0,171.0,214.01758,2.62049,4.0,0.3700767457485199,6.3474555015563965,40.0,0.8844160437583923,3.849949836730957,43.0,0.9949505925178528,52.88041687011719
328,407,362243.0,171.0,214.01758,2.62049,4.0,0.7845309376716614,4.188628673553467,43.0,0.3706425428390503,3.934722900390625,40.0,0.10691878944635391,75.08401489257812
329,408,240337.0,318.0,221.92004,1.53094,4.0,0.3591359257698059,9.296110153198242,40.0,0.6371622681617737,3.9090421199798584,45.0,0.9999911785125732,51.52780532836914
330,409,240093.0,619.0,220.45906,1.42159,4.0,0.3769117593765259,11.266379356384277,46.0,0.8494957089424133,7.356868743896484,46.0,0.9858741164207458,34.686790466308594
331,410,343753.0,1072.0,222.02289,2.09729,4.0,0.2857232391834259,10.639206886291504,40.0,0.02517729438841343,3.9783172607421875,46.0,0.9999999403953552,41.40449905395508
332,411,512554.0,1423.0,219.2491,-1.06598,4.0,0.29363930225372314,6.902186393737793,44.0,0.7010321021080017,3.985480546951294,45.0,0.9968236684799194,47.142642974853516
333,412,497075.0,11.0,214.28033,-1.10181,4.0,0.41361361742019653,7.415225028991699,42.0,0.532177209854126,3.753512144088745,40.0,0.99950110912323,58.32322692871094
334,412,497075.0,11.0,214.28033,-1.10181,4.0,0.30265486240386963,6.058045387268066,44.0,0.2728300094604492,5.716597557067871,46.0,0.4051057696342468,62.53116989135742
335,412,497075.0,11.0,214.28033,-1.10181,4.0,0.44167840480804443,3.039053440093994,42.0,0.030431542545557022,2.9544315338134766,47.0,0.13142484426498413,130.55673217773438
336,412,497075.0,11.0,214.28033,-1.10181,4.0,0.4137819707393646,8.06877326965332,40.0,0.1532188057899475,2.902235746383667,46.0,0.9999961853027344,51.606346130371094
337,413,486045.0,354.0,218.25647,-1.70378,4.0,0.3554757833480835,8.729155540466309,40.0,0.6282442212104797,3.542947769165039,40.0,0.9999847412109375,46.55371856689453
338,414,512314.0,461.0,218.45767,-1.07655,4.0,,,,,,,,
339,415,318892.0,985.0,212.77747,1.9696,4.0,0.4393824636936188,7.896193027496338,45.0,0.07332406938076019,6.025937080383301,47.0,0.7647796273231506,36.37702560424805
340,415,318892.0,985.0,212.77747,1.9696,4.0,0.4397653043270111,9.320038795471191,45.0,0.09854218363761902,7.384376525878906,45.0,0.9357401132583618,35.142005920410156
341,415,318892.0,985.0,212.77747,1.9696,4.0,0.4383212924003601,10.446876525878906,42.0,0.07145899534225464,4.82208776473999,47.0,0.9999982714653015,44.22132873535156
342,416,17187.0,47.0,222.20966,0.70773,4.0,0.29448458552360535,12.347901344299316,40.0,0.7020667791366577,2.8033368587493896,45.0,1.0,38.23384094238281
343,417,296619.0,2207.0,212.50432,1.49919,16.0,0.541767954826355,9.527196884155273,40.0,0.29940658807754517,2.825369358062744,46.0,0.9999998211860657,51.19169616699219
344,417,296619.0,2207.0,212.50432,1.49919,16.0,0.540923535823822,6.978835105895996,40.0,0.23044641315937042,3.355285882949829,47.0,0.9990904331207275,70.73515319824219
345,418,485811.0,3169.0,217.50757,-1.84587,16.0,0.2661496698856354,12.36083698272705,40.0,0.6468532085418701,2.575488805770874,40.0,1.0,40.09865188598633
346,419,250289.0,2730.0,214.36708,1.99311,28.0,0.40121394395828247,8.795989036560059,40.0,0.7196155786514282,4.515499591827393,47.0,0.9999518990516663,52.42391586303711
347,420,592910.0,1852.0,214.63086,-0.01464,4.0,0.2634434700012207,12.177196502685547,44.0,0.6613672971725464,3.3529579639434814,45.0,1.0,35.77731704711914
