,Unnamed: 0,Unnamed: 0.1,GAMA_ID,ID,RA,DEC,SCORE,z1,sigma1,template1,z2,sigma2,template2,sigma3,sigma4,R,prob,error,type
3,3,3,663364.0,2669.0,140.35284,-0.97414,28.0,0.3221307694911957,11.63154125213623,40.0,0.7571136951446533,3.403892517089844,47.0,3.1694552898406982,3.1694552898406982,1.0739676952362058,1.0,41.38912582397461,PG + ELG
8,8,7,3883690.0,2756.0,134.57492,-1.55142,22.0,0.24808938801288605,9.996488571166992,40.0,0.6570139527320862,3.7962608337402335,47.0,3.792003154754639,3.792003154754639,1.0011228322982788,0.9999966025352478,40.971492767333984,PG + ELG
10,10,9,3911769.0,1704.0,138.66089,-1.11639,20.0,0.2793223559856415,10.793142318725586,40.0,0.6818790435791016,3.501178741455078,45.0,3.243104219436645,3.243104219436645,1.0795763731002808,0.9999999403953552,42.618690490722656,PG + ELG
18,18,16,345824.0,2914.0,131.13,2.0881,16.0,0.2755720615386963,12.957425117492676,40.0,0.7934569120407104,2.8951783180236816,47.0,2.775531053543091,2.775531053543091,1.0431078672409058,1.0,36.9887809753418,PG + ELG
21,21,21,3866174.0,1406.0,136.72111999999998,-1.9572599999999998,16.0,0.33926430344581604,8.702389717102049,42.0,0.4156415164470673,5.177086353302002,47.0,5.095656394958496,5.095656394958496,1.015980243682861,0.9949750900268556,56.35967636108398,PG + ELG
22,22,27,3581425.0,632.0,132.27286999999998,-1.55421,12.0,0.3329375386238098,11.478761672973633,40.0,0.63414067029953,2.981564283370972,43.0,2.930006742477417,2.930006742477417,1.0175963640213013,1.0,40.75920104980469,PG + ELG
25,25,30,600305.0,245.0,134.75916,0.23814000000000002,12.0,0.24335892498493195,10.951899528503418,40.0,0.6346657872200012,3.5537748336791988,45.0,2.63576889038086,2.63576889038086,1.3482877016067505,1.0,40.55467224121094,PG + ELG
29,29,39,347923.0,3477.0,139.59097,2.2376,8.0,0.28475603461265564,9.585489273071287,40.0,0.8462138175964355,3.1266109943389893,43.0,2.976945638656616,2.976945638656616,1.0502748489379885,0.9999998807907104,47.16796112060547,PG + ELG
30,30,42,209026.0,2577.0,131.487,0.09612000000000001,8.0,0.2557075917720795,12.244033813476562,40.0,0.6512852907180786,2.9503908157348637,46.0,2.5609967708587646,2.5609967708587646,1.152047872543335,1.0,37.98525619506836,PG + ELG
36,36,50,211045.0,2222.0,140.92513,0.009290000000000001,8.0,0.3168781697750092,8.064555168151855,40.0,0.5808127522468567,3.2693562507629395,44.0,2.964839458465576,2.964839458465576,1.102709412574768,0.999992609024048,53.115234375,PG + ELG
38,38,51,419067.0,1179.0,138.61973999999998,2.63477,8.0,0.1876792907714844,11.541552543640135,40.0,0.7637652158737183,4.00849199295044,43.0,2.8663170337677,2.8663170337677,1.3984817266464231,1.0,44.7299919128418,PG + ELG
41,41,54,549039.0,702.0,130.01102,-0.45857,8.0,0.2691822946071625,11.529870986938475,40.0,0.344963401556015,3.356703519821167,45.0,2.934046983718872,2.934046983718872,1.1440523862838743,1.0,39.61294174194336,PG + ELG
42,42,55,380872.0,3397.0,130.36703,1.8108400000000002,8.0,0.3814312815666199,9.075965881347656,40.0,0.6318844556808472,3.4751415252685547,43.0,3.4006359577178955,3.4006359577178955,1.0219093561172483,0.9999953508377076,53.84189224243164,PG + ELG
45,45,64,347735.0,3455.0,138.8727,2.31796,4.0,0.4533945024013519,9.047986030578613,40.0,0.6613774299621582,3.1971750259399414,47.0,2.908958911895752,2.908958911895752,1.0990787744522097,0.9999995827674866,49.28541564941406,PG + ELG
47,47,69,208601.0,1717.0,129.66942,0.05318,4.0,0.2680728733539581,12.035417556762695,40.0,0.8835583329200745,3.346439838409424,43.0,3.009690046310425,3.009690046310425,1.1118885278701782,1.0,38.44004821777344,PG + ELG
52,52,79,323200.0,3430.0,130.73718,1.55961,4.0,0.35043397545814514,8.342287063598633,40.0,0.4156284034252167,3.881047487258911,47.0,3.456882238388061,3.456882238388061,1.122701644897461,0.999929130077362,64.91991424560547,PG + ELG
54,54,80,3626517.0,445.0,133.9433,-0.8440799999999999,4.0,0.28387346863746643,12.493971824645994,40.0,0.7628644108772278,3.0350027084350586,43.0,2.891453504562378,2.891453504562378,1.049646019935608,1.0,39.7933235168457,PG + ELG
57,57,86,575209.0,178.0,138.84712,-0.004370000000000001,4.0,0.2611143887042999,11.652472496032715,40.0,0.7716090083122253,2.7540552616119385,46.0,2.655270576477051,2.655270576477051,1.0372031927108765,1.0,39.82018280029297,PG + ELG
58,58,89,209548.0,2605.0,133.88799,0.07105,4.0,0.1987818479537964,12.246796607971193,40.0,0.560442328453064,3.0711898803710938,44.0,2.8772783279418945,2.8772783279418945,1.067394137382507,1.0,39.88479614257813,PG + ELG
59,59,90,3587969.0,755.0,135.9112,-1.8344900000000002,4.0,0.2902862131595612,7.61622142791748,40.0,0.3676973879337311,3.2509188652038574,46.0,3.0047049522399902,3.0047049522399902,1.081942796707153,0.9999740719795228,50.82171630859375,PG + ELG
60,60,91,3911772.0,1578.0,138.6586,-1.30571,4.0,0.2824819982051849,11.69154167175293,40.0,0.801462709903717,2.693776607513428,45.0,2.6648683547973637,2.6648683547973637,1.0108479261398315,1.0,41.23528671264648,PG + ELG
69,69,102,302198.0,2287.0,136.76682,1.37017,4.0,0.27167513966560364,12.859949111938475,40.0,0.6721805930137634,2.8051016330718994,46.0,2.6163361072540283,2.6163361072540283,1.0721487998962402,1.0,36.73226547241211,PG + ELG
71,71,104,518046.0,1601.0,134.80893,2.70237,4.0,0.2309441417455673,11.551687240600586,40.0,0.7694068551063538,3.3788557052612305,43.0,2.9058525562286377,2.9058525562286377,1.162775993347168,1.0,40.06643295288086,PG + ELG
77,77,112,204881.0,2644.0,139.86987,-0.35594000000000003,4.0,0.3263564109802246,6.750406742095947,40.0,0.7612611651420593,3.128546714782715,43.0,3.070873260498047,3.070873260498047,1.0187808275222778,0.9997800588607788,53.10525512695313,PG + ELG
78,78,113,345595.0,3294.0,130.02208000000002,1.9054099999999998,4.0,0.35945487022399897,7.250385284423827,40.0,0.39231476187706,3.2381627559661865,47.0,3.166748046875,3.166748046875,1.022551417350769,0.9998730421066284,72.80669403076172,PG + ELG
81,81,115,387244.0,1819.0,135.56916999999999,2.36495,4.0,0.21772262454032895,12.368897438049315,40.0,0.7123265266418457,3.3477907180786133,47.0,2.7854623794555664,2.7854623794555664,1.2018797397613523,1.0,38.65888595581055,PG + ELG
83,83,117,642024.0,3084.0,140.5068,-1.2726600000000001,4.0,0.18448930978775024,12.385135650634766,40.0,0.7589848637580872,3.0829720497131348,43.0,2.6104533672332764,2.6104533672332764,1.1810102462768557,1.0,39.09468078613281,PG + ELG
84,84,118,375921.0,2906.0,131.2854,1.36765,4.0,0.29211437702178955,12.394143104553224,40.0,0.3698590397834778,3.1681222915649414,45.0,2.9136526584625244,2.9136526584625244,1.0873370170593262,1.0,42.417259216308594,PG + ELG
85,85,119,422178.0,2520.0,129.74776,2.48322,4.0,0.35866865515708923,11.332805633544922,40.0,0.7882426977157593,2.8496363162994385,43.0,2.8399448394775386,2.8399448394775386,1.0034126043319702,1.0,48.02913284301758,PG + ELG
88,88,123,386213.0,3008.0,130.6132,2.12032,4.0,0.09594716876745224,12.074329376220705,40.0,0.6268757581710815,3.0036308765411377,43.0,2.7082648277282715,2.7082648277282715,1.1090610027313232,1.0,37.397315979003906,PG + ELG
90,90,125,3585654.0,2560.0,134.66179,-1.65638,4.0,0.33208972215652466,9.492582321166992,40.0,0.8957464098930359,3.539791345596313,45.0,3.0569744110107417,3.0569744110107417,1.1579394340515137,0.999999463558197,47.5172348022461,PG + ELG
92,92,126,3611088.0,1743.0,135.38005,-1.29831,4.0,0.23190343379974365,9.052865982055664,40.0,0.7715562582015991,4.793195724487305,43.0,3.2919194698333736,3.2919194698333736,1.4560488462448118,0.9999277591705322,43.36043930053711,PG + ELG
93,93,127,214595.0,1608.0,130.76736,0.49778,4.0,0.28040823340415955,10.301304817199707,40.0,0.5677693486213684,3.4195978641510014,43.0,3.16351318359375,3.16351318359375,1.0809494256973269,0.9999998807907104,47.01552200317383,PG + ELG
101,101,141,373093.0,2897.0,139.30637,1.19776,4.0,0.3839914500713349,8.714599609375,40.0,0.8374122977256775,4.3738999366760245,43.0,3.5557072162628174,3.5557072162628174,1.2301068305969238,0.9998424649238586,54.19796371459961,PG + ELG
102,102,142,517251.0,729.0,131.42297,2.4245,4.0,0.4183921813964844,11.490439414978027,40.0,0.5378563404083252,3.0016183853149414,43.0,2.965233564376831,2.965233564376831,1.0122704505920408,1.0,43.8328857421875,PG + ELG
113,113,155,98583.0,2369.0,178.83655,0.8845700000000001,30.0,0.2829500138759613,10.192718505859377,40.0,0.8288580179214478,3.756629943847656,45.0,3.7344188690185542,3.7344188690185542,1.0059477090835571,0.9999971985816956,49.17961502075195,PG + ELG
123,123,167,585328.0,3234.0,182.36838,-0.00889,18.0,0.20466271042823792,11.430782318115234,40.0,0.7887411713600159,3.3716747760772705,43.0,2.7561285495758057,2.7561285495758057,1.2233372926712036,1.0,39.34497833251953,PG + ELG
124,124,168,164145.0,2805.0,176.55307,-2.77556,16.0,0.09655099362134932,12.33885097503662,40.0,0.4266672730445862,2.972437620162964,44.0,2.898376941680908,2.898376941680908,1.02555251121521,1.0,40.14973068237305,PG + ELG
132,132,184,535401.0,2579.0,177.58995,-1.01635,12.0,0.30833232402801514,12.900524139404295,42.0,0.7957489490509033,3.1740193367004395,47.0,2.8999936580657963,2.8999936580657963,1.0944918394088743,1.0,37.99690628051758,PG + ELG
136,136,191,396624.0,3483.0,174.28986,1.59304,8.0,0.2363569140434265,11.308847427368164,40.0,0.6095730662345886,2.7995965480804443,43.0,2.757533073425293,2.757533073425293,1.015254020690918,1.0,41.72096633911133,PG + ELG
139,139,201,561058.0,3349.0,182.5603,-0.4954,8.0,0.3202874958515167,9.753260612487793,40.0,0.8555517792701721,3.6351492404937744,43.0,3.0174126625061035,3.0174126625061035,1.2047239542007446,0.999999701976776,48.4037971496582,PG + ELG
140,140,202,84425.0,2562.0,177.77478,0.42791,8.0,0.28586745262146,12.25743293762207,40.0,0.6736734509468079,3.1225991249084477,43.0,2.550144672393799,2.550144672393799,1.2244791984558103,1.0,38.429664611816406,PG + ELG
141,141,203,165293.0,2144.0,180.6015,-2.74642,8.0,0.2594617307186127,9.833870887756348,40.0,0.8707607984542847,3.698742389678955,43.0,2.9785277843475337,2.9785277843475337,1.241802215576172,0.999999701976776,45.05146789550781,PG + ELG
144,144,212,124620.0,2249.0,180.11038,-2.68407,8.0,0.27979251742362976,9.35053253173828,40.0,0.6828173398971558,3.200822353363037,44.0,2.8358519077301025,2.8358519077301025,1.128698706626892,0.9999998807907104,43.612571716308594,PG + ELG
147,147,216,131917.0,1818.0,183.24023,-2.1104700000000003,8.0,0.3776118457317352,7.547264575958253,42.0,0.4984885156154633,3.561207771301269,43.0,3.181340456008911,3.181340456008911,1.1194047927856443,0.9998906254768372,55.12791061401367,PG + ELG
150,150,219,138014.0,1421.0,180.4828,-1.8330799999999998,8.0,0.2487235814332962,9.385992050170898,40.0,0.3073708713054657,3.5523958206176762,47.0,3.30208420753479,3.30208420753479,1.0758041143417358,0.9999985098838806,51.79115295410156,PG + ELG
151,151,220,55416.0,1702.0,181.97096000000002,-0.36712,8.0,0.6412136554718018,3.973430633544922,42.0,0.6616196632385254,3.4233641624450684,43.0,3.0171706676483154,3.0171706676483154,1.1346273422241209,0.19717124104499814,88.04875183105469,PG + ELG
152,152,220,55416.0,1702.0,181.97096000000002,-0.36712,8.0,0.42264077067375183,7.610091209411621,40.0,0.4522664248943329,3.106813907623291,47.0,2.994086742401123,2.994086742401123,1.0376499891281128,0.999985933303833,61.9273567199707,PG + ELG
156,156,226,559216.0,2507.0,176.11624,-0.61902,4.0,0.2502009868621826,9.004105567932129,40.0,0.7136363387107849,3.6533803939819336,45.0,2.756442785263061,2.756442785263061,1.3253967761993408,0.9999992847442628,50.80804824829102,PG + ELG
162,162,231,69781.0,865.0,176.55864,0.07481,4.0,0.26208898425102234,12.3543119430542,40.0,0.6593535542488098,2.7613019943237305,45.0,2.538987398147583,2.538987398147583,1.0875602960586548,1.0,36.35726547241211,PG + ELG
164,164,234,55815.0,3368.0,183.55873,-0.26605999999999996,4.0,0.2487292438745499,9.487428665161133,40.0,0.3359052240848541,3.86094069480896,47.0,3.456018686294556,3.456018686294556,1.1171642541885376,0.9999924898147584,43.77366638183594,PG + ELG
171,171,244,272448.0,2541.0,179.41953,1.42309,4.0,0.2717644274234772,11.36670207977295,40.0,0.8888060450553894,4.819479465484619,43.0,3.290292501449585,3.290292501449585,1.464757204055786,0.9999996423721312,41.047550201416016,PG + ELG
182,182,259,99618.0,2999.0,183.61463999999998,0.87977,4.0,0.27188369631767273,12.513648986816404,40.0,0.8879566192626953,3.5972702503204346,43.0,3.5239603519439697,3.5239603519439697,1.0208032131195068,1.0,37.42086410522461,PG + ELG
185,185,273,219807.0,2529.0,179.20996,1.6205100000000001,4.0,0.21314039826393127,11.496821403503418,40.0,0.8012699484825134,3.7600293159484863,43.0,3.719669103622437,3.719669103622437,1.0108504295349119,0.9999999403953552,40.20234680175781,PG + ELG
186,186,275,290269.0,1357.0,185.47202,1.74911,4.0,0.23684558272361755,12.900395393371582,40.0,0.6427772045135498,3.186252355575561,47.0,2.9603710174560547,2.9603710174560547,1.0763016939163208,1.0,36.65437316894531,PG + ELG
187,187,275,290269.0,1357.0,185.47202,1.74911,4.0,0.23701070249080655,9.876306533813477,40.0,0.6996560096740723,3.631131887435913,43.0,3.3208372592926025,3.3208372592926025,1.0934386253356934,0.999999463558197,41.32605361938477,PG + ELG
190,190,278,220682.0,1618.0,182.74348,1.59789,4.0,0.28891828656196594,9.838969230651855,40.0,0.3613660633563995,9.816245079040527,47.0,5.494938850402832,5.494938850402832,1.786415696144104,0.8645688891410828,45.034095764160156,PG + ELG
191,191,278,220682.0,1618.0,182.74348,1.59789,4.0,0.2888886034488678,9.714017868041992,40.0,0.361284613609314,9.452859878540039,47.0,6.759976863861084,6.759976863861084,1.398356795310974,0.7100459337234497,43.63288497924805,PG + ELG
196,196,282,145196.0,2305.0,183.26285,-1.34695,4.0,0.2525731027126312,7.627409934997559,40.0,0.646328866481781,3.492371082305908,43.0,3.2481842041015625,3.2481842041015625,1.075176477432251,0.9999164342880248,52.32482147216797,PG + ELG
200,200,289,23010.0,2397.0,179.90819,1.19835,4.0,0.25856444239616394,10.23172092437744,40.0,0.8681350350379944,3.3502821922302246,43.0,3.283008575439453,3.283008575439453,1.0204914808273315,0.9999999403953552,43.74739074707031,PG + ELG
203,203,295,185602.0,1145.0,180.87231,-1.50094,4.0,0.24961166083812714,12.753033638000488,40.0,0.8557909727096558,2.9713504314422607,43.0,2.969149112701416,2.969149112701416,1.0007413625717163,1.0,37.84607696533203,PG + ELG
205,205,297,143752.0,1689.0,177.28355,-1.3395,4.0,0.3338156044483185,12.262755393981935,40.0,0.6327885985374451,2.995530128479004,47.0,2.7103066444396973,2.7103066444396973,1.1052366495132446,1.0,37.47438430786133,PG + ELG
221,221,314,92918.0,2098.0,217.90807,0.4978,18.0,0.4060841202735901,10.200376510620117,40.0,0.7255886793136597,2.8738853931427,43.0,2.6985905170440674,2.6985905170440674,1.0649579763412476,1.0,45.01422119140625,PG + ELG
223,223,316,544226.0,3212.0,214.42336,-0.8924700000000001,18.0,0.22704437375068665,9.393048286437988,40.0,0.6498237252235413,7.239895820617676,46.0,3.4115524291992188,3.4115524291992188,2.1221704483032227,0.996205747127533,45.35596466064453,PG + ELG
229,229,321,618700.0,967.0,216.44481000000002,0.33619,16.0,0.2888904809951782,9.463759422302246,40.0,0.6399160027503967,3.4951632022857666,45.0,3.227651834487915,3.227651834487915,1.0828810930252075,0.999999225139618,45.73212432861328,PG + ELG
235,235,326,569022.0,3479.0,217.39471,-0.44716999999999996,14.0,0.2811345458030701,11.313512802124025,42.0,0.8398751616477966,2.692682981491089,43.0,2.537341356277466,2.537341356277466,1.0612221956253052,1.0,39.63151931762695,PG + ELG
237,237,328,261497.0,3466.0,214.74447999999998,2.51797,12.0,0.31619012355804443,11.160442352294922,40.0,0.7308408617973328,4.159204959869385,43.0,3.8048791885375977,3.8048791885375977,1.0931240320205688,0.999999701976776,41.065513610839844,PG + ELG
250,250,340,362429.0,2390.0,215.00124,2.6989099999999997,8.0,0.3147733509540558,9.225486755371094,40.0,0.8888757228851318,3.6016321182250977,43.0,3.3594119548797607,3.3594119548797607,1.0721019506454468,0.9999971985816956,44.68323516845703,PG + ELG
256,256,346,63135.0,152.0,214.68704,-0.22962,8.0,0.3556108176708221,10.97834014892578,40.0,0.6622291207313538,2.852622985839844,47.0,2.7273106575012207,2.7273106575012207,1.0459471940994265,1.0,43.71751403808594,PG + ELG
257,257,347,320345.0,982.0,217.98141,1.80345,8.0,0.2773083448410034,11.049975395202637,40.0,0.6800206899642944,3.5509493350982666,45.0,3.348564624786377,3.348564624786377,1.0604392290115356,1.0,42.96818923950195,PG + ELG
258,258,348,62734.0,539.0,213.56206,-0.24168,8.0,0.27416789531707764,11.88359546661377,40.0,0.5974463224411011,3.756571292877197,45.0,2.535885572433472,2.535885572433472,1.4813647270202637,1.0,40.7535400390625,PG + ELG
265,265,354,592897.0,1204.0,214.41272999999998,-0.16268,4.0,0.3696040213108063,5.338892459869385,40.0,0.8823959827423096,3.164812564849853,43.0,2.8863337039947514,2.8863337039947514,1.0964819192886353,0.9908294677734376,51.67131805419922,PG + ELG
271,271,358,513159.0,2123.0,221.91681,-0.9994200000000001,4.0,0.28945088386535645,9.708475112915039,40.0,0.7014451026916504,3.312683582305908,44.0,2.6681785583496094,2.6681785583496094,1.241552472114563,0.9999999403953552,40.63710021972656,PG + ELG
276,276,363,511725.0,951.0,215.82188,-1.26624,4.0,0.14177300035953522,12.057884216308596,40.0,0.641287088394165,3.1899545192718506,43.0,3.0305347442626958,3.0305347442626958,1.0526045560836792,1.0,36.482521057128906,PG + ELG
277,277,364,593219.0,457.0,215.79222000000001,-0.09455,4.0,0.4010081887245178,11.679271697998047,40.0,0.8600229024887085,3.8478670120239262,45.0,2.805649518966675,2.805649518966675,1.3714710474014282,1.0,41.26661682128906,PG + ELG
288,288,373,491536.0,2054.0,212.20937999999998,-1.53839,4.0,0.4705475568771362,9.341739654541016,40.0,0.8011901378631592,3.493397951126098,43.0,3.106510877609253,3.106510877609253,1.1245406866073608,0.9999988079071044,55.91268920898438,PG + ELG
289,289,374,617569.0,1418.0,212.16078,0.2401,4.0,0.31386977434158325,9.380717277526855,40.0,0.727821946144104,3.4270968437194824,43.0,2.5917186737060547,2.5917186737060547,1.3223259449005127,0.9999999403953552,49.87385177612305,PG + ELG
312,312,394,342310.0,2163.0,215.08101000000002,2.1713400000000003,4.0,0.3797509968280792,9.367025375366213,40.0,0.6925411820411682,3.493913173675537,43.0,2.644425630569458,2.644425630569458,1.321237087249756,0.9999998807907104,47.35982131958008,PG + ELG
316,316,397,507875.0,563.0,214.70021,-1.70514,4.0,0.3164950907230377,3.8312699794769287,40.0,0.6697331666946411,3.293867588043213,47.0,2.983665943145752,2.983665943145752,1.1039665937423706,0.5926803350448608,94.9211654663086,PG + ELG
327,327,407,362243.0,171.0,214.01757999999998,2.62049,4.0,0.3700767457485199,6.3474555015563965,40.0,0.8844160437583923,3.849949836730957,43.0,3.33668851852417,3.33668851852417,1.1538236141204834,0.9949505925178528,52.88041687011719,PG + ELG
329,329,408,240337.0,318.0,221.92004,1.53094,4.0,0.3591359257698059,9.296110153198242,40.0,0.6371622681617737,3.9090421199798575,45.0,3.341959953308105,3.341959953308105,1.1696854829788208,0.9999911785125732,51.52780532836914,PG + ELG
342,342,416,17187.0,47.0,222.20966,0.70773,4.0,0.2944845855236053,12.347901344299315,40.0,0.7020667791366577,2.8033368587493896,45.0,2.625130176544189,2.625130176544189,1.0678849220275881,1.0,38.23384094238281,PG + ELG
346,346,419,250289.0,2730.0,214.36708,1.99311,28.0,0.4012139439582825,8.795989036560059,40.0,0.7196155786514282,4.5154995918273935,47.0,3.275636911392212,3.275636911392212,1.378510355949402,0.9999518990516664,52.42391586303711,PG + ELG
2,2,2,323152.0,2967.0,130.54643000000002,1.64325,30.0,0.7215898633003235,11.317520141601562,47.0,0.35328593850135803,7.519263744354247,40.0,4.763242244720459,4.763242244720459,1.578601956367493,0.9894577264785768,29.41335868835449,PG + ELG
53,53,79,323200.0,3430.0,130.73718,1.55961,4.0,0.4157901704311371,9.722792625427246,47.0,0.3498050570487976,6.658331871032715,40.0,3.8422210216522217,3.8422210216522217,1.732938289642334,0.9986246824264526,30.939067840576172,PG + ELG
76,76,111,215373.0,1607.0,133.64789,0.46448,4.0,0.3255872428417206,11.490988731384276,44.0,0.25082483887672424,3.5192582607269287,40.0,3.4074220657348637,3.4074220657348637,1.0328212976455688,1.0,30.06406593322754,PG + ELG
224,224,316,544226.0,3212.0,214.42336,-0.8924700000000001,18.0,0.6498517394065857,6.4098219871521,47.0,0.22703874111175534,6.293928146362305,40.0,3.8350911140441895,3.8350911140441895,1.6411417722702026,0.36642855405807495,39.20055389404297,PG + ELG
228,228,320,594552.0,3012.0,220.49692000000002,-0.01709,16.0,0.35993456840515137,10.176191329956056,47.0,0.3553548753261566,8.791006088256836,40.0,5.163684844970703,5.163684844970703,1.7024675607681274,0.9635315537452698,29.67083740234375,PG + ELG
281,281,368,342308.0,501.0,215.06900000000002,2.22428,4.0,0.390562891960144,9.589674949645996,45.0,0.3281242847442627,5.874611854553223,40.0,4.454682350158691,4.454682350158691,1.3187499046325684,0.9990730285644532,44.66462326049805,PG + ELG
328,328,407,362243.0,171.0,214.01757999999998,2.62049,4.0,0.7845309376716614,4.188628673553467,43.0,0.3706425428390503,3.934722900390625,40.0,3.273205280303955,3.273205280303955,1.2021008729934692,0.10691878944635393,75.08401489257812,PG + ELG
111,111,152,173045.0,534.0,185.64713999999998,-2.42117,36.0,0.25558531284332275,9.231234550476074,44.0,0.4946501553058624,3.5953791141510014,40.0,3.2675609588623047,3.2675609588623047,1.1003249883651731,0.9999960660934448,28.058637619018555,ELG + PG
149,149,219,138014.0,1421.0,180.4828,-1.8330799999999998,8.0,0.21117828786373136,4.049180984497069,47.0,0.2735001146793365,3.5393097400665283,42.0,3.4984371662139893,3.4984371662139893,1.0116831064224243,0.520858883857727,47.101829528808594,ELG + PG
206,206,298,130525.0,2151.0,177.75545,-2.10927,4.0,0.10592132061719894,3.4912400245666504,47.0,0.6766173243522644,3.226210117340088,41.0,3.0377259254455566,3.0377259254455566,1.062047839164734,0.3551546335220337,78.19132232666016,ELG + PG
269,269,357,569047.0,323.0,217.2968,-0.46521999999999997,4.0,0.24698926508426666,4.6781086921691895,44.0,0.33275899291038513,4.612926959991455,42.0,4.558803081512451,4.558803081512451,1.011872410774231,0.2578174471855164,47.408935546875,ELG + PG
299,299,382,618212.0,373.0,214.67656000000002,0.3966,4.0,0.2012843191623688,3.9618315696716313,44.0,0.4063044786453247,3.5899288654327397,42.0,3.453716278076172,3.453716278076172,1.0394394397735596,0.4265619218349457,45.13406372070313,ELG + PG
301,301,383,363119.0,2836.0,218.15031000000002,2.5688400000000002,4.0,0.3435560762882233,9.261415481567383,44.0,0.6852225065231323,3.09331488609314,42.0,3.041184425354004,3.041184425354004,1.0171414613723757,0.9999997615814208,40.76964950561523,ELG + PG
6,6,5,3575500.0,1906.0,129.23265,-1.57512,26.0,0.3651945888996124,8.068477630615233,42.0,0.23253659904003146,4.330916404724121,43.0,3.3262653350830083,3.3262653350830083,1.3020358085632324,0.9997017383575441,57.59304809570313,ELG + PG
11,11,10,371400.0,2275.0,131.20438000000001,1.00064,18.0,0.2949441075325012,10.016762733459473,40.0,0.2797389030456543,2.978842735290528,47.0,2.7592921257019043,2.7592921257019043,1.0795676708221436,1.0,43.25559616088867,ELG + PG
13,13,12,279505.0,654.0,137.68558000000002,1.0564799999999999,18.0,0.22626453638076785,12.158058166503904,40.0,0.017063029110431668,3.1191084384918213,45.0,3.082105875015259,3.082105875015259,1.0120055675506592,1.0,39.127723693847656,ELG + PG
14,14,13,386188.0,1677.0,130.0474,2.1025099999999997,18.0,0.35983577370643616,10.896883010864258,40.0,0.2916497588157654,3.0063295364379883,47.0,2.9709987640380864,2.9709987640380864,1.0118918418884275,1.0,41.23919677734375,ELG + PG
20,20,19,3575548.0,160.0,129.34523000000002,-1.6112,16.0,0.3121389150619507,12.46335220336914,40.0,0.2271173745393753,3.02852201461792,47.0,2.852168321609497,2.852168321609497,1.0618314743041992,1.0,40.33596420288086,ELG + PG
23,23,27,3581425.0,632.0,132.27286999999998,-1.55421,12.0,0.3331272304058075,10.657333374023438,40.0,0.0751463994383812,2.8767757415771484,47.0,2.8762714862823486,2.8762714862823486,1.0001753568649292,1.0,42.45989608764648,ELG + PG
24,24,28,3611074.0,3200.0,135.45943,-1.35515,12.0,0.3297165334224701,7.204981803894043,41.0,0.05999794602394104,3.3149738311767583,47.0,3.0139710903167725,3.0139710903167725,1.0998691320419312,0.9998989105224608,72.32990264892578,ELG + PG
31,31,43,371400.0,936.0,131.20436,1.00066,8.0,0.2949441075325012,10.016762733459473,40.0,0.2797389030456543,2.978842735290528,47.0,2.7592921257019043,2.7592921257019043,1.0795676708221436,1.0,43.25559616088867,ELG + PG
35,35,48,387064.0,1962.0,135.07565,2.33718,8.0,0.35123848915100103,8.271631240844728,42.0,0.246247872710228,3.0986025333404537,47.0,2.784637451171875,2.784637451171875,1.1127489805221558,0.999997854232788,49.91102600097656,ELG + PG
49,49,71,301292.0,1269.0,133.16687,1.23096,4.0,0.2618536949157715,12.369691848754885,40.0,0.006606011185795069,3.360323190689087,47.0,2.812669277191162,2.812669277191162,1.1947096586227417,1.0,40.555213928222656,ELG + PG
56,56,85,323638.0,1213.0,132.58467,1.5456299999999998,4.0,0.3262427747249603,11.1962308883667,40.0,0.22369632124900815,3.123793601989746,47.0,2.9554107189178467,2.9554107189178467,1.0569744110107422,1.0,42.02558517456055,ELG + PG
63,63,94,3579761.0,1736.0,131.40182,-1.50206,4.0,0.27878761291503906,10.035252571105957,40.0,0.01959005743265152,3.4385926723480225,47.0,3.0423307418823238,3.0423307418823238,1.1302495002746582,0.9999999403953552,43.19729232788086,ELG + PG
68,68,101,3897932.0,825.0,130.79007,-0.8879100000000001,4.0,0.2869845032691956,11.81979274749756,40.0,0.0046395729295909405,3.5277910232543945,47.0,2.676064968109131,2.676064968109131,1.3182755708694458,1.0,40.911808013916016,ELG + PG
80,80,113,345595.0,3294.0,130.02208000000002,1.9054099999999998,4.0,0.35989525914192205,7.3161258697509775,40.0,0.08408384025096892,3.7349147796630864,47.0,2.932336807250977,2.932336807250977,1.273699164390564,0.999868094921112,71.43119812011719,ELG + PG
82,82,116,575245.0,1767.0,139.11212,-0.04138,4.0,0.291546642780304,8.302957534790039,40.0,0.06676062941551207,2.9396321773529053,47.0,2.9030590057373047,2.9030590057373047,1.012598156929016,0.9999980330467224,52.65733337402344,ELG + PG
86,86,120,345716.0,1854.0,130.765,1.91609,4.0,0.3030848801136017,12.422673225402832,40.0,0.038366790860891335,3.1850159168243413,47.0,2.717817068099976,2.717817068099976,1.1719022989273071,1.0,38.54195022583008,ELG + PG
95,95,131,3609514.0,970.0,134.4621,-1.32389,4.0,0.4043063819408417,10.292344093322754,42.0,0.031394731253385544,3.04357647895813,46.0,2.916846752166748,2.916846752166748,1.043447494506836,1.0,44.7139778137207,ELG + PG
98,98,136,208755.0,964.0,130.07007,0.17884,4.0,0.27081483602523804,11.299729347229006,40.0,0.012458913959562778,2.8839037418365483,47.0,2.75978684425354,2.75978684425354,1.044973373413086,1.0,42.796043395996094,ELG + PG
105,105,144,623351.0,2429.0,138.37955,0.65181,12.0,0.4091112017631531,11.193082809448242,40.0,0.09950754791498184,2.610018491744995,46.0,2.4139163494110107,2.4139163494110107,1.0812381505966189,1.0,42.03419494628906,ELG + PG
115,115,157,231281.0,1822.0,183.06471000000002,1.91352,28.0,0.4005952477455139,11.908512115478516,40.0,0.11676301807165144,2.754232883453369,47.0,2.6877691745758057,2.6877691745758057,1.0247281789779663,1.0,41.1884880065918,ELG + PG
118,118,160,125077.0,2922.0,182.40587,-2.63013,26.0,0.34157595038414,9.897278785705566,40.0,0.3385985493659973,3.1647155284881587,47.0,2.930869579315185,2.930869579315185,1.0797872543334959,1.0,41.853851318359375,ELG + PG
121,121,163,41064.0,2347.0,184.11784,-0.80592,22.0,0.3486086428165436,10.824921607971193,40.0,0.2602448463439941,2.909571886062622,47.0,2.8047876358032227,2.8047876358032227,1.0373591184616089,1.0,39.27837371826172,ELG + PG
129,129,181,6983.0,1783.0,175.1279,0.7379600000000001,12.0,0.2800199091434479,10.392796516418457,40.0,0.02019548788666725,3.276458740234375,47.0,2.985887050628662,2.985887050628662,1.0973150730133057,1.0,38.74980163574219,ELG + PG
130,130,182,609518.0,2869.0,175.94742,0.33676,12.0,0.25853559374809265,10.918831825256348,40.0,0.07281215488910675,3.946346282958984,45.0,3.4759018421173096,3.4759018421173096,1.135344624519348,0.9999996423721312,39.57355499267578,ELG + PG
137,137,195,220449.0,1457.0,181.63983000000002,1.4747299999999999,8.0,0.2855720818042755,12.446106910705565,40.0,0.02406792901456356,2.8474392890930176,47.0,2.7249011993408203,2.7249011993408203,1.04496967792511,1.0,39.902320861816406,ELG + PG
142,142,205,117332.0,370.0,177.80586,-2.9669,8.0,0.3302306532859802,12.731683731079102,40.0,0.03731087222695351,2.868273496627808,47.0,2.7498199939727783,2.7498199939727783,1.0430768728256226,1.0,38.80458450317383,ELG + PG
148,148,217,145203.0,1939.0,183.3706,-1.3840700000000001,8.0,0.338887482881546,7.433445453643799,40.0,0.06927647441625595,5.039492130279541,46.0,3.624403476715088,3.624403476715088,1.3904335498809814,0.993988275527954,71.33643341064453,ELG + PG
154,154,223,231213.0,1627.0,182.83478,1.9272,4.0,0.2515203356742859,12.184603691101074,40.0,-0.002092810114845633,2.840819835662842,47.0,2.6420412063598637,2.6420412063598637,1.0752367973327637,1.0,40.99867630004883,ELG + PG
155,155,225,143928.0,2212.0,178.16974,-1.31916,4.0,0.371206283569336,12.155668258666992,40.0,0.09241846203804016,2.7722337245941158,47.0,2.6351635456085205,2.6351635456085205,1.0520157814025881,1.0,41.55743789672852,ELG + PG
165,165,235,163592.0,155.0,174.15141,-2.71129,4.0,0.2302378714084625,8.311396598815918,40.0,0.19565825164318085,3.147568464279175,47.0,2.8789980411529537,2.8789980411529537,1.0932860374450684,0.9999980926513672,47.58286666870117,ELG + PG
166,166,237,71440.0,201.0,184.7359,0.14865,4.0,0.26999664306640625,10.258282661437988,40.0,0.011500036343932152,2.942495584487915,47.0,2.800717830657959,2.800717830657959,1.0506219863891602,1.0,46.57796859741211,ELG + PG
167,167,238,40316.0,2624.0,180.51567,-0.6937399999999999,4.0,0.4031951427459717,4.890789031982422,40.0,0.2982437610626221,3.368397951126098,45.0,3.3155851364135738,3.3155851364135738,1.0159286260604858,0.9156895279884338,66.75102233886719,ELG + PG
168,168,238,40316.0,2624.0,180.51567,-0.6937399999999999,4.0,0.40363091230392456,5.1858558654785165,40.0,0.2143767923116684,3.4406404495239262,45.0,2.980336904525757,2.980336904525757,1.1544468402862549,0.9820229411125184,78.49360656738281,ELG + PG
169,169,240,23705.0,2565.0,182.74438,1.19287,4.0,0.2863963842391968,13.089579582214355,40.0,0.025828246027231216,2.8831558227539062,47.0,2.7477238178253174,2.7477238178253174,1.0492887496948242,1.0,34.56543731689453,ELG + PG
173,173,246,56108.0,1590.0,184.63742,-0.23206999999999997,4.0,0.3080032467842102,9.262081146240234,40.0,0.19331851601600647,4.347740173339844,46.0,4.273931980133057,4.273931980133057,1.0172693729400637,0.99991774559021,44.5531120300293,ELG + PG
175,175,248,271912.0,1595.0,176.87413,1.38795,4.0,0.2322374433279037,12.06818675994873,40.0,0.06621558219194412,2.9346015453338623,47.0,2.638412475585937,2.638412475585937,1.112260341644287,1.0,36.93486404418945,ELG + PG
179,179,256,611334.0,1517.0,184.42766,0.33915,4.0,0.3078350126743317,10.453988075256348,40.0,0.1533661186695099,4.0269556045532235,46.0,3.237013816833496,3.237013816833496,1.2440340518951416,0.9999997615814208,44.19900512695313,ELG + PG
181,181,258,172095.0,2959.0,180.96903999999998,-2.33874,4.0,0.42558223009109497,7.204041004180907,42.0,0.1666128933429718,3.209092140197754,46.0,3.163630247116089,3.163630247116089,1.0143702030181885,0.9999265670776368,60.5022087097168,ELG + PG
183,183,268,165939.0,3378.0,184.10762,-2.84039,4.0,0.3415533602237701,8.505561828613281,42.0,-3.2109198855323484e-06,4.150723457336427,47.0,3.377129316329956,3.377129316329956,1.2290685176849363,0.99995219707489,50.27128219604492,ELG + PG
184,184,272,69466.0,2818.0,174.80168,0.03706,4.0,0.2651514410972595,12.180621147155762,40.0,0.16679424047470093,2.76055121421814,45.0,2.484379768371582,2.484379768371582,1.1111631393432615,1.0,39.07674789428711,ELG + PG
189,189,277,179269.0,2443.0,183.98729,-2.01746,4.0,0.3418145477771759,9.691582679748537,40.0,0.08135505020618439,4.133742809295653,47.0,3.820322751998901,3.820322751998901,1.0820401906967163,0.9999822378158568,41.28647994995117,ELG + PG
194,194,281,186109.0,3189.0,182.97241,-1.49217,4.0,0.33578720688819885,11.910443305969238,40.0,0.06659721583127975,2.8693792819976807,46.0,2.790282964706421,2.790282964706421,1.0283470153808594,1.0,39.20938491821289,ELG + PG
195,195,282,145196.0,2305.0,183.26285,-1.34695,4.0,0.2528766095638275,8.324503898620605,40.0,-0.0006254629115574063,6.612068176269531,47.0,5.61631965637207,5.61631965637207,1.1772955656051636,0.8649447560310364,50.38764572143555,ELG + PG
197,197,285,7083.0,2072.0,175.55986000000001,0.73851,4.0,0.31081804633140564,12.168315887451172,40.0,0.04301268234848976,3.2224056720733643,47.0,3.1766033172607417,3.1766033172607417,1.0144186019897459,1.0,40.55235290527344,ELG + PG
204,204,296,177055.0,3464.0,175.45578,-1.9713599999999998,4.0,0.2893007695674896,10.459782600402832,40.0,0.027630925178527832,3.255971193313598,47.0,3.0713486671447754,3.0713486671447754,1.0601111650466921,1.0,39.12892150878906,ELG + PG
207,207,298,130525.0,2151.0,177.75545,-2.10927,4.0,0.3382047116756439,8.015204429626465,40.0,0.0075345542281866065,3.2690715789794917,47.0,2.868106842041016,2.868106842041016,1.1398011445999146,0.9999955892562866,54.11946868896485,ELG + PG
209,209,302,184530.0,2250.0,176.70961,-1.43842,4.0,0.3906523585319519,10.292731285095217,40.0,0.15642881393432614,9.673656463623047,45.0,4.153193473815918,4.153193473815918,2.329209089279175,0.9605602025985718,47.6322135925293,ELG + PG
215,215,307,568366.0,2664.0,214.82709,-0.42031,28.0,0.2650984525680542,7.562114715576173,40.0,0.013614499010145664,5.692988872528076,45.0,5.275354862213135,5.275354862213135,1.0791670083999634,0.8655875325202942,47.97547149658203,ELG + PG
232,232,323,911856.0,1452.0,219.6719,-0.4812,16.0,0.5435964465141296,9.025821685791016,40.0,0.2293083518743515,4.100119113922118,47.0,3.5592305660247803,3.5592305660247803,1.1519678831100464,0.9998901486396791,60.8905029296875,ELG + PG
239,239,329,262874.0,26.0,221.61067000000003,2.2238900000000004,12.0,0.3855178654193878,9.339181900024414,40.0,0.1946283727884293,4.816656112670898,47.0,3.4027478694915767,3.4027478694915767,1.4155195951461792,0.9999623298645021,45.55036544799805,ELG + PG
245,245,335,362163.0,1230.0,213.7537,2.66748,8.0,0.3621525168418884,8.904330253601074,40.0,0.2257220596075058,3.21266508102417,44.0,3.208505868911743,3.208505868911743,1.0012962818145752,0.9999986886978148,55.34402465820313,ELG + PG
248,248,338,922203.0,184.0,218.68634,-0.16352,8.0,0.5497673153877258,9.479541778564453,40.0,0.4988332390785217,3.2684686183929443,43.0,3.2646210193634038,3.2646210193634038,1.0011786222457886,0.9999991655349731,55.26394271850586,ELG + PG
252,252,342,567883.0,1416.0,213.65344,-0.46916,8.0,0.2625618577003479,11.77446746826172,40.0,0.007031472865492106,3.290359735488892,46.0,3.050301074981689,3.050301074981689,1.0786999464035034,1.0,41.52793884277344,ELG + PG
264,264,353,261359.0,1240.0,214.04005,2.41518,4.0,0.3763659298419952,9.29482364654541,40.0,0.21023234724998474,3.406972646713257,44.0,2.9989399909973145,2.9989399909973145,1.1360589265823364,0.9999994039535522,48.93041610717773,ELG + PG
266,266,354,592897.0,1204.0,214.41272999999998,-0.16268,4.0,0.3696368932723999,10.161678314208984,40.0,0.09071886539459227,3.315587043762207,47.0,2.936073541641236,2.936073541641236,1.1292588710784912,1.0,43.96960830688477,ELG + PG
267,267,355,262836.0,1953.0,221.40536,2.31397,4.0,0.418364942073822,10.22627067565918,42.0,0.14427031576633453,3.8695743083953857,47.0,2.8709077835083012,2.8709077835083012,1.3478573560714722,0.9999998807907104,45.51397323608398,ELG + PG
270,270,357,569047.0,323.0,217.2968,-0.46521999999999997,4.0,0.3322451412677765,7.848951816558838,40.0,0.06028353050351142,3.617831707000733,47.0,3.3106157779693604,3.3106157779693604,1.0927971601486206,0.9999017119407654,52.71420288085938,ELG + PG
273,273,360,267643.0,1750.0,223.32467999999997,2.6478900000000003,4.0,0.3524492681026459,8.162455558776855,40.0,0.0566912479698658,3.281444311141968,45.0,3.2701783180236816,3.2701783180236816,1.003445029258728,0.999984622001648,52.6215934753418,ELG + PG
280,280,367,492742.0,3340.0,218.10612000000003,-1.30167,4.0,0.3593635857105255,7.738710880279541,40.0,0.08312875777482986,3.0535359382629395,43.0,3.052686214447021,3.052686214447021,1.0002783536911009,0.9999824166297911,50.97838592529297,ELG + PG
292,292,377,16109.0,339.0,217.69655,0.79835,4.0,0.3000013828277588,12.122257232666016,40.0,0.2974212169647217,3.2125623226165767,46.0,3.082777500152588,3.082777500152588,1.0420999526977541,1.0,38.72792434692383,ELG + PG
293,293,378,106154.0,2538.0,214.94325,0.91995,4.0,0.2503596842288971,10.44084644317627,40.0,0.008373221382498741,3.7856504917144775,47.0,3.387158870697021,3.387158870697021,1.1176477670669556,0.999999463558197,44.24028015136719,ELG + PG
294,294,379,298841.0,2573.0,222.0345,1.33095,4.0,0.360848069190979,9.918380737304688,40.0,0.08208298683166504,4.153726100921632,45.0,3.791373491287232,3.791373491287232,1.0955729484558103,0.9999898672103882,49.61752319335938,ELG + PG
295,295,380,227706.0,2859.0,214.58482,1.26891,4.0,0.4658579230308533,6.170980453491211,40.0,0.2098204642534256,3.6667423248291016,47.0,3.620888948440552,3.620888948440552,1.0126636028289795,0.9837191700935364,61.63910675048828,ELG + PG
296,296,381,319614.0,1575.0,215.10176,1.91675,4.0,0.3318215608596802,8.307943344116211,40.0,0.06421317160129547,3.790519237518311,45.0,3.626420259475708,3.626420259475708,1.0452510118484497,0.9998657703399658,49.74493789672852,ELG + PG
297,297,381,319614.0,1575.0,215.10176,1.91675,4.0,0.3316050171852112,11.242464065551758,40.0,0.061428513377904885,3.2390456199646,47.0,3.0118999481201167,3.0118999481201167,1.0754160881042478,1.0,41.8997802734375,ELG + PG
298,298,382,618212.0,373.0,214.67656000000002,0.3966,4.0,0.4063494801521301,5.566605091094972,41.0,0.05958819761872292,3.031935930252075,47.0,2.738541841506958,2.738541841506958,1.1071351766586304,0.9951944351196288,79.56322479248047,ELG + PG
305,305,387,251925.0,1014.0,221.1959,1.9604099999999998,4.0,0.415409654378891,10.162164688110352,40.0,0.12773816287517548,3.5391852855682373,47.0,3.37743878364563,3.37743878364563,1.047890305519104,0.9999995231628418,53.510704040527344,ELG + PG
306,306,388,361940.0,3358.0,212.97005,2.80015,4.0,0.4668957889080048,5.878504276275635,40.0,0.007879405282437801,3.2134435176849365,43.0,3.176260232925415,3.176260232925415,1.0117065906524658,0.9950406551361084,72.09803771972656,ELG + PG
309,309,391,93440.0,1708.0,220.38841000000002,0.48178999999999994,4.0,0.2647077441215515,10.328373908996582,40.0,0.26195722818374634,3.48181700706482,44.0,3.2739269733428955,3.2739269733428955,1.0634987354278564,0.9999998807907104,47.50652694702149,ELG + PG
310,310,392,106052.0,2950.0,214.46526,0.93632,4.0,0.3227490782737732,8.991873741149902,40.0,0.05297298729419708,3.2907586097717285,47.0,3.1869235038757324,3.1869235038757324,1.0325815677642822,0.9999977350234984,50.86144256591797,ELG + PG
314,314,396,485318.0,2365.0,214.92287000000002,-1.82512,4.0,0.3377358317375183,8.182918548583983,42.0,0.07885477691888809,2.881365776062012,47.0,2.858506679534912,2.858506679534912,1.007996916770935,0.9999972581863404,51.05340957641602,ELG + PG
317,317,398,544823.0,3091.0,217.08359,-0.87218,4.0,0.25116270780563354,12.106101989746096,40.0,-0.002314425073564053,3.4998161792755127,47.0,2.539510488510132,2.539510488510132,1.3781459331512451,1.0,41.6813850402832,ELG + PG
321,321,402,508050.0,1905.0,215.57336,-1.7087900000000005,4.0,0.4164074659347534,7.608689308166504,40.0,0.1413463056087494,3.2462770938873287,47.0,3.2073192596435547,3.2073192596435547,1.0121465921401978,0.9999526739120485,52.42343139648438,ELG + PG
331,331,410,343753.0,1072.0,222.02289,2.09729,4.0,0.2857232391834259,10.639206886291504,40.0,0.025177294388413433,3.978317260742188,46.0,2.9712839126586914,2.9712839126586914,1.3389219045639038,0.9999999403953552,41.40449905395508,ELG + PG
335,335,412,497075.0,11.0,214.28033,-1.10181,4.0,0.4416784048080444,3.0390534400939937,42.0,0.030431542545557026,2.954431533813477,47.0,2.900299549102783,2.900299549102783,1.0186642408370972,0.13142484426498413,130.55673217773438,ELG + PG
336,336,412,497075.0,11.0,214.28033,-1.10181,4.0,0.4137819707393646,8.06877326965332,40.0,0.1532188057899475,2.902235746383667,46.0,2.7681984901428223,2.7681984901428223,1.0484204292297363,0.9999961853027344,51.606346130371094,ELG + PG
341,341,415,318892.0,985.0,212.77747000000002,1.9696,4.0,0.4383212924003601,10.446876525878906,42.0,0.07145899534225464,4.82208776473999,47.0,3.2070178985595703,3.2070178985595703,1.5036048889160156,0.9999982714653016,44.22132873535156,ELG + PG
343,343,417,296619.0,2207.0,212.50432,1.49919,16.0,0.541767954826355,9.527196884155273,40.0,0.2994065880775452,2.8253693580627437,46.0,2.799417734146118,2.799417734146118,1.0092703104019165,0.9999998211860656,51.19169616699219,ELG + PG
344,344,417,296619.0,2207.0,212.50432,1.49919,16.0,0.540923535823822,6.978835105895996,40.0,0.2304464131593704,3.3552858829498287,47.0,3.1853506565093994,3.1853506565093994,1.0533490180969238,0.9990904331207277,70.73515319824219,ELG + PG
0,0,0,3899011.0,2251.0,131.33397,-0.9156299999999999,64.0,0.4027418196201325,8.433294296264647,40.0,0.3596013486385345,3.5196540355682373,42.0,3.1638996601104736,3.1638996601104736,1.1124417781829834,0.9999904036521912,54.17573547363281,ELG + ELG
4,4,4,3629152.0,1933.0,135.88863999999998,-0.9748700000000001,26.0,0.4066231548786163,4.3280086517333975,40.0,0.7871177792549133,3.691353082656861,40.0,3.0299975872039795,3.0299975872039795,1.2182693481445312,0.7928287386894226,87.77485656738281,ELG + ELG
5,5,4,3629152.0,1933.0,135.88863999999998,-0.9748700000000001,26.0,0.4058126211166382,4.959479808807373,40.0,0.7883777022361755,3.1229379177093506,42.0,3.0851132869720463,3.0851132869720463,1.0122603178024292,0.968270778656006,78.94024658203125,ELG + ELG
16,16,15,3891172.0,3056.0,139.22725,-1.54519,16.0,0.3392942547798157,3.3023488521575928,40.0,0.5007257461547852,2.9152953624725337,40.0,2.78953218460083,2.78953218460083,1.045083999633789,0.2430286109447479,107.79889678955078,ELG + ELG
17,17,15,3891172.0,3056.0,139.22725,-1.54519,16.0,0.3395165801048279,8.936283111572266,40.0,0.609051525592804,4.309550285339356,40.0,2.9489028453826904,2.9489028453826904,1.461408019065857,0.9999913573265076,50.43042755126953,ELG + ELG
28,28,39,347923.0,3477.0,139.59097,2.2376,8.0,0.28563427925109863,3.3819403648376465,41.0,0.7271751761436462,3.197808027267456,40.0,2.826690196990967,2.826690196990967,1.1312905550003052,0.2872573435306549,86.46278381347656,ELG + ELG
32,32,45,3896212.0,1483.0,129.80597,-0.8302200000000001,8.0,0.38068437576293945,9.616504669189453,40.0,0.8475534915924072,4.122061252593993,42.0,2.8739044666290283,2.8739044666290283,1.4343069791793823,0.9999988079071044,51.45428466796875,ELG + ELG
48,48,70,3908476.0,3328.0,136.56941,-1.21495,4.0,0.32505348324775696,6.69127082824707,40.0,0.6224021911621094,3.3631293773651123,42.0,3.0111725330352783,3.0111725330352783,1.116883635520935,0.9997111558914183,52.58221435546875,ELG + ELG
62,62,94,3579761.0,1736.0,131.40182,-1.50206,4.0,0.2787633836269379,5.97764778137207,40.0,0.6791730523109436,3.2472848892211914,40.0,2.8938171863555913,2.8938171863555913,1.1221457719802856,0.998422384262085,61.20859909057617,ELG + ELG
73,73,107,418840.0,3176.0,137.91167,2.6070599999999997,4.0,0.3149769604206085,11.619175910949707,40.0,0.7120062708854675,2.9084231853485107,40.0,2.7442705631256104,2.7442705631256104,1.0598164796829224,1.0,46.58946990966797,ELG + ELG
74,74,108,387617.0,573.0,137.07834,2.38994,4.0,0.2927563786506653,12.003710746765135,40.0,0.5540562868118286,2.585259437561035,40.0,2.5658090114593506,2.5658090114593506,1.0075806379318235,1.0,36.11894989013672,ELG + ELG
79,79,113,345595.0,3294.0,130.02208000000002,1.9054099999999998,4.0,0.6285544037818909,3.1113176345825195,41.0,0.3564671576023102,3.069291114807129,40.0,2.800405979156494,2.800405979156494,1.096016526222229,0.04137363284826279,126.5693130493164,ELG + ELG
91,91,126,3611088.0,1743.0,135.38005,-1.29831,4.0,0.2314949184656143,5.983080863952638,40.0,0.5239608287811279,2.987675905227661,40.0,2.886419773101806,2.886419773101806,1.0350801944732666,0.998533010482788,63.13998794555664,ELG + ELG
96,96,132,3616694.0,3082.0,138.8031,-1.37304,4.0,0.4387915432453156,7.757087230682372,40.0,0.26854363083839417,3.538975477218628,42.0,3.2678830623626713,3.2678830623626713,1.0829565525054932,0.9999109506607056,57.85452270507813,ELG + ELG
99,99,137,324461.0,1293.0,136.0175,1.7465400000000002,4.0,0.2362594157457352,11.845823287963867,40.0,0.6093373298645021,2.7315618991851807,42.0,2.4829325675964355,2.4829325675964355,1.100135326385498,1.0,41.34626388549805,ELG + ELG
103,103,143,3882191.0,2558.0,133.69397,-1.36032,54.0,0.3556151390075684,7.111570358276367,40.0,0.35056355595588684,4.771883964538574,40.0,4.37219762802124,4.37219762802124,1.0914154052734375,0.9758792519569396,70.52218627929688,ELG + ELG
104,104,143,3882191.0,2558.0,133.69397,-1.36032,54.0,0.3555081784725189,5.474225044250488,41.0,0.3517100512981415,4.421235084533691,40.0,4.324756145477295,4.324756145477295,1.0223084688186646,0.7301874756813049,86.07929229736328,ELG + ELG
117,117,159,186586.0,1180.0,185.1191,-1.5125,26.0,0.2819246053695679,10.517422676086426,40.0,0.5690225958824158,2.9667813777923584,42.0,2.764962673187256,2.764962673187256,1.0729914903640747,1.0,40.08103942871094,ELG + ELG
138,138,197,117089.0,113.0,177.05358999999999,-2.9371,8.0,0.32251450419425964,10.813065528869627,42.0,0.463177502155304,2.706653594970703,40.0,2.6718859672546387,2.6718859672546387,1.0130124092102049,1.0,37.18415832519531,ELG + ELG
153,153,222,56080.0,1191.0,184.48256999999998,-0.28244,8.0,0.3238997161388397,8.046834945678711,40.0,0.28176358342170715,3.218050479888916,42.0,3.1647391319274902,3.1647391319274902,1.016845464706421,0.999991238117218,47.28319549560547,ELG + ELG
157,157,227,231431.0,2816.0,183.69348,1.97185,4.0,0.25535935163497925,10.867072105407717,40.0,0.6336553692817688,3.5450229644775386,42.0,3.174583196640014,3.174583196640014,1.1166892051696775,1.0,41.3205451965332,ELG + ELG
160,160,230,55314.0,1891.0,181.49326000000002,-0.28503,4.0,0.3764606416225433,6.124114513397218,42.0,0.5433760285377502,3.5190269947052,40.0,2.964061498641968,2.964061498641968,1.187231421470642,0.9978683590888976,74.6933822631836,ELG + ELG
174,174,246,56108.0,1590.0,184.63742,-0.23206999999999997,4.0,0.3078634738922119,9.559056282043457,40.0,0.5695748925209045,3.386870145797729,40.0,3.217819929122925,3.217819929122925,1.0525356531143188,0.9999995231628418,44.77043533325195,ELG + ELG
176,176,251,273287.0,2662.0,182.96048000000002,1.33664,4.0,0.295216828584671,9.70102310180664,42.0,0.7036280035972595,3.1155319213867188,42.0,2.978300809860229,2.978300809860229,1.046077013015747,0.9999999403953552,45.51052856445313,ELG + ELG
177,177,252,171877.0,2059.0,180.13943,-2.4365099999999997,4.0,0.2123846858739853,9.354310035705566,40.0,0.8157516717910767,3.2933228015899663,40.0,3.2752306461334233,3.2752306461334233,1.005523920059204,0.9999986290931702,49.98237609863281,ELG + ELG
178,178,253,143144.0,3329.0,174.21927,-1.39193,4.0,0.34025487303733826,9.685640335083008,40.0,0.7441173195838928,3.760718584060669,42.0,3.146424531936645,3.146424531936645,1.1952356100082395,0.9999991059303284,42.511146545410156,ELG + ELG
213,213,305,568617.0,105.0,215.70692000000003,-0.55323,36.0,0.4527124762535095,8.065027236938478,42.0,0.3702910840511322,3.3885200023651123,42.0,3.2085115909576416,3.2085115909576416,1.0561033487319946,0.9999816417694092,53.112831115722656,ELG + ELG
216,216,308,569270.0,1690.0,218.5273,-0.4848,26.0,0.33841872215271,8.432790756225586,40.0,0.6083976030349731,4.00839900970459,40.0,3.4708979129791264,3.4708979129791264,1.15485942363739,0.9999083876609802,59.23919296264648,ELG + ELG
238,238,329,262874.0,26.0,221.61067000000003,2.2238900000000004,12.0,0.3855810463428497,6.221604347229004,40.0,0.8589239716529846,3.421708345413208,41.0,2.8116624355316158,2.8116624355316158,1.2169698476791382,0.9991628527641296,65.07320404052734,ELG + ELG
242,242,332,505067.0,1523.0,218.2976,-1.9254900000000001,12.0,0.5946642756462097,3.4976820945739746,42.0,0.634211003780365,3.223982334136963,42.0,2.997084140777588,2.997084140777588,1.0757063627243042,0.09696970880031586,93.78693389892578,ELG + ELG
246,246,336,79099.0,796.0,220.06036,0.20155,8.0,0.3128514885902405,9.703170776367188,40.0,0.3896976411342621,3.3219208717346187,40.0,2.999293565750122,2.999293565750122,1.1075677871704102,0.9999999403953552,44.278175354003906,ELG + ELG
249,249,339,511700.0,1921.0,215.68222000000003,-1.20323,8.0,0.2741549611091614,6.522908687591553,40.0,0.6572263836860657,4.303887844085693,42.0,3.9204912185668954,3.9204912185668954,1.0977929830551147,0.9785172343254088,57.2202377319336,ELG + ELG
253,253,343,296451.0,2635.0,211.85398999999998,1.55536,8.0,0.44453489780426025,9.042179107666016,40.0,0.8786750435829163,4.203336715698241,42.0,2.968419551849365,2.968419551849365,1.4160183668136597,0.9999939203262328,49.97542190551758,ELG + ELG
254,254,344,77312.0,2749.0,212.84527999999997,0.02337,8.0,0.3729970455169678,12.457383155822756,40.0,0.8049169778823853,4.062300205230713,42.0,2.9378645420074463,2.9378645420074463,1.3827390670776367,1.0,38.93510055541992,ELG + ELG
259,259,349,299045.0,2181.0,223.0323,1.1508399999999999,8.0,0.7624164819717407,4.024163246154785,42.0,0.4823862910270691,3.747514009475708,41.0,3.4831976890563965,3.4831976890563965,1.0758832693099976,0.07404402643442154,91.42754364013672,ELG + ELG
260,260,350,884523.0,3446.0,218.72342000000003,-1.53014,8.0,0.5291037559509277,7.383744239807129,40.0,0.6208809018135071,3.604291439056397,41.0,2.620234489440918,2.620234489440918,1.375560641288757,0.9999227523803712,52.83850479125977,ELG + ELG
261,261,350,884523.0,3446.0,218.72342000000003,-1.53014,8.0,0.5290309786796571,6.953076362609862,40.0,0.5668296813964844,3.2694187164306636,40.0,2.6645777225494385,2.6645777225494385,1.226993203163147,0.9997732043266296,61.35710144042969,ELG + ELG
263,263,352,63403.0,3264.0,215.6768,-0.25938,4.0,0.2929781079292297,7.888523578643799,40.0,0.716607928276062,3.3546237945556636,42.0,3.1533336639404297,3.1533336639404297,1.0638340711593628,0.9999843835830688,49.48812866210938,ELG + ELG
272,272,359,16280.0,1026.0,218.04238999999998,0.65258,4.0,0.4528171420097351,10.894888877868652,40.0,0.8918552398681641,3.273209571838379,40.0,3.21030068397522,3.21030068397522,1.0195959806442259,1.0,42.32776260375977,ELG + ELG
274,274,361,545534.0,1682.0,219.94438,-0.97582,4.0,0.32389432191848755,7.517623424530028,40.0,0.7395370006561279,3.138174295425415,41.0,2.956164121627808,2.956164121627808,1.0615696907043457,0.9999817013740541,48.96827697753906,ELG + ELG
283,283,370,78854.0,1377.0,218.86757999999998,0.058289999999999995,4.0,0.343286007642746,5.920869827270508,40.0,0.6609829068183899,4.681939601898193,40.0,3.3647615909576416,3.3647615909576416,1.3914625644683838,0.9497814774513244,61.66193008422852,ELG + ELG
285,285,370,78854.0,1377.0,218.86757999999998,0.058289999999999995,4.0,0.3436991572380066,7.477740287780763,40.0,0.6128408312797546,3.2501838207244877,41.0,2.8142836093902592,2.8142836093902592,1.1548885107040403,0.9999794960021972,56.32891082763672,ELG + ELG
286,286,371,266612.0,1788.0,218.39002999999997,2.9011099999999996,4.0,0.34138450026512146,10.388840675354004,40.0,0.3857516646385193,3.1403157711029053,40.0,3.086308479309082,3.086308479309082,1.0174989700317385,1.0,44.9796257019043,ELG + ELG
287,287,372,262171.0,818.0,217.97697000000002,2.40406,4.0,0.29105544090271,8.446374893188478,40.0,0.6847575306892395,3.1563408374786377,40.0,3.092534065246582,3.092534065246582,1.02063250541687,0.9999976754188538,47.013404846191406,ELG + ELG
315,315,397,507875.0,563.0,214.70021,-1.70514,4.0,0.5246051549911499,4.192110061645509,42.0,0.017751187086105347,3.996569395065308,40.0,3.7968049049377437,3.7968049049377437,1.0526138544082642,0.1945795863866806,102.27100372314452,ELG + ELG
320,320,401,228630.0,2596.0,217.91565,1.23987,4.0,0.3608528971672058,9.120224952697754,40.0,0.5028541088104248,3.2032630443573,40.0,2.828798770904541,2.828798770904541,1.132375717163086,0.9999997615814208,43.12810134887695,ELG + ELG
322,322,402,508050.0,1905.0,215.57336,-1.7087900000000005,4.0,0.4165388345718384,5.481457233428955,40.0,0.2047271877527237,3.7135543823242183,40.0,3.0362510681152344,3.0362510681152344,1.2230722904205322,0.9833397269248962,51.72885513305664,ELG + ELG
323,323,403,493630.0,723.0,221.83167000000003,-1.34871,4.0,0.35249263048172,9.062631607055664,40.0,0.7593516707420349,3.636496543884277,42.0,3.5290935039520264,3.5290935039520264,1.0304336547851562,0.9999923706054688,49.2244873046875,ELG + ELG
333,333,412,497075.0,11.0,214.28033,-1.10181,4.0,0.4136136174201965,7.415225028991699,42.0,0.5321772098541261,3.753512144088745,40.0,3.5305447578430176,3.5305447578430176,1.0631538629531858,0.99950110912323,58.32322692871094,ELG + ELG
337,337,413,486045.0,354.0,218.25647,-1.7037799999999999,4.0,0.3554757833480835,8.729155540466309,40.0,0.6282442212104797,3.5429477691650386,40.0,3.4917898178100586,3.4917898178100586,1.0146509408950806,0.9999847412109376,46.55371856689453,ELG + ELG
345,345,418,485811.0,3169.0,217.50757000000002,-1.8458700000000001,16.0,0.2661496698856354,12.36083698272705,40.0,0.6468532085418701,2.575488805770874,40.0,2.4925882816314697,2.4925882816314697,1.0332587957382202,1.0,40.09865188598633,ELG + ELG
15,15,14,3599660.0,635.0,129.29506,-0.99631,18.0,0.3813742995262146,10.02219295501709,47.0,0.028298653662204742,6.865635395050049,47.0,6.421402454376222,6.421402454376222,1.0691800117492676,0.8111270070075989,40.316890716552734,PG + PG
19,19,17,3913677.0,983.0,139.91696000000002,-1.27522,16.0,0.2906123697757721,9.785056114196776,44.0,0.747833251953125,3.295304775238037,47.0,3.03411078453064,3.03411078453064,1.0860857963562012,0.9999998807907104,30.82879066467285,PG + PG
27,27,38,574628.0,1908.0,136.47115,-0.0465,8.0,0.3043074607849121,12.729042053222654,45.0,0.2748801112174988,5.455914974212647,47.0,4.480290412902832,4.480290412902832,1.2177592515945437,0.9999920725822448,32.15911102294922,PG + PG
34,34,48,387064.0,1962.0,135.07565,2.33718,8.0,0.35171157121658325,12.301395416259766,44.0,0.006129486486315727,2.8415889739990234,47.0,2.6988601684570312,2.6988601684570312,1.0528848171234129,1.0,33.27558135986328,PG + PG
39,39,52,209589.0,186.0,133.93068,0.11314,8.0,0.22323620319366452,11.661938667297365,45.0,0.6083737015724182,3.577707529067993,46.0,3.150192975997925,3.150192975997925,1.135710597038269,1.0,31.15981101989746,PG + PG
43,43,57,3886216.0,1340.0,136.0962,-1.58451,8.0,0.4041702151298523,8.735891342163086,45.0,0.8859135508537292,5.979778289794923,45.0,4.591189384460449,4.591189384460449,1.3024464845657349,0.9877343773841858,40.514793395996094,PG + PG
51,51,77,345881.0,3478.0,131.45035,2.07844,4.0,0.20622269809246066,11.081997871398926,44.0,0.8523567318916321,3.4671590328216557,47.0,3.2651844024658203,3.2651844024658203,1.0618569850921629,1.0,37.60477066040039,PG + PG
66,66,99,381602.0,3407.0,133.20793,1.8080200000000002,4.0,0.36947548389434814,11.830955505371096,43.0,0.32425060868263245,3.014603853225708,43.0,2.876139879226685,2.876139879226685,1.0481423139572144,1.0,38.901947021484375,PG + PG
72,72,106,372022.0,1262.0,133.80411,1.07405,4.0,0.30905991792678833,13.928269386291506,46.0,0.27950412034988403,3.1519615650177,47.0,2.730936050415039,2.730936050415039,1.154168963432312,1.0,30.51388359069824,PG + PG
75,75,110,518676.0,1158.0,137.46832,2.81481,4.0,0.2256239205598831,14.57162380218506,45.0,0.19741642475128174,3.570939779281616,47.0,2.9687600135803223,2.9687600135803223,1.2028387784957886,1.0,31.20343589782715,PG + PG
94,94,128,622085.0,1841.0,130.78285,0.70524,4.0,0.3308261334896088,16.357318878173828,47.0,0.300613135099411,5.387784957885742,47.0,4.604391098022461,4.604391098022461,1.1701406240463257,1.0,25.940471649169922,PG + PG
97,97,135,3599660.0,36.0,129.29506999999998,-0.99634,4.0,0.3813742995262146,10.02219295501709,47.0,0.028298653662204742,6.865635395050049,47.0,6.421402454376222,6.421402454376222,1.0691800117492676,0.8111270070075989,40.316890716552734,PG + PG
114,114,156,583457.0,3357.0,174.8049,-0.00257,28.0,0.26364102959632874,14.122949600219727,46.0,0.26728302240371704,3.7180147171020512,43.0,3.610600471496582,3.610600471496582,1.029749631881714,1.0,26.40053939819336,PG + PG
127,127,171,138582.0,2828.0,183.14009,-1.827,14.0,0.3251754939556122,9.727863311767578,44.0,0.4326481819152832,4.904556751251222,47.0,3.7018616199493413,3.7018616199493413,1.3248893022537231,0.9999466538429259,35.33502578735352,PG + PG
161,161,230,55314.0,1891.0,181.49326000000002,-0.28503,4.0,0.37681299448013306,10.909716606140137,44.0,0.034480281174182885,3.8465573787689213,47.0,3.4940900802612305,3.4940900802612305,1.1008752584457395,0.9999998211860656,34.39535140991211,PG + PG
163,163,232,611249.0,22.0,184.12447,0.35697,4.0,0.3733179271221161,10.263260841369627,44.0,0.84395831823349,3.9585483074188232,45.0,3.546783447265625,3.546783447265625,1.1160953044891355,0.9999987483024596,40.781436920166016,PG + PG
170,170,242,32615.0,1375.0,185.47041000000002,-1.14149,4.0,0.25680011510849,11.054919242858887,44.0,0.8675703406333923,2.9391176700592037,43.0,2.6905336380004883,2.6905336380004883,1.092392086982727,1.0,32.14706802368164,PG + PG
198,198,287,31427.0,610.0,179.70218,-1.1041299999999998,4.0,0.3317584991455078,12.064910888671875,44.0,0.3280453979969025,3.928969383239746,47.0,3.134586811065674,3.134586811065674,1.2534250020980835,1.0,31.43706130981445,PG + PG
231,231,323,911856.0,1452.0,219.6719,-0.4812,16.0,0.09586402028799056,3.3998191356658936,47.0,0.4721543788909912,3.244019031524658,46.0,3.1116251945495605,3.1116251945495605,1.0425481796264648,0.2978285253047943,92.56248474121094,PG + PG
233,233,324,249961.0,398.0,213.5445,2.0705,14.0,0.2290651798248291,13.759872436523438,45.0,0.2323674559593201,5.604676246643066,47.0,5.284203052520752,5.284203052520752,1.0606473684310913,0.9999933242797852,27.40585327148437,PG + PG
284,284,370,78854.0,1377.0,218.86757999999998,0.058289999999999995,4.0,0.030570894479751587,5.0822062492370605,44.0,0.391204833984375,3.941258192062378,47.0,3.8000659942626953,3.8000659942626953,1.0371551513671875,0.7662340402603149,43.712310791015625,PG + PG
300,300,382,618212.0,373.0,214.67656000000002,0.3966,4.0,0.4065276980400085,9.680423736572266,44.0,0.046488985419273376,4.081754684448241,47.0,3.847388505935669,3.847388505935669,1.06091570854187,0.999974012374878,40.7202262878418,PG + PG
302,302,384,238892.0,1924.0,215.56828,1.56082,4.0,0.3051163554191589,11.378454208374025,44.0,0.7162910103797913,3.843106746673584,45.0,2.9842140674591064,2.9842140674591064,1.2878119945526123,1.0,37.94549179077149,PG + PG
303,303,385,251874.0,2253.0,220.77951000000002,1.9728900000000005,4.0,0.33900901675224304,9.344691276550293,47.0,0.7982330322265625,6.804222106933594,45.0,5.189260959625244,5.189260959625244,1.311212182044983,0.9713600277900696,36.265525817871094,PG + PG
330,330,409,240093.0,619.0,220.45906000000002,1.42159,4.0,0.3769117593765259,11.266379356384276,46.0,0.8494957089424133,7.3568687438964835,46.0,6.230817317962647,6.230817317962647,1.180722951889038,0.9858741164207458,34.686790466308594,PG + PG
332,332,411,512554.0,1423.0,219.2491,-1.06598,4.0,0.29363930225372314,6.902186393737793,44.0,0.7010321021080017,3.985480546951294,45.0,3.603272438049317,3.603272438049317,1.1060725450515747,0.9968236684799194,47.14264297485352,PG + PG
334,334,412,497075.0,11.0,214.28033,-1.10181,4.0,0.30265486240386963,6.058045387268066,44.0,0.2728300094604492,5.716597557067871,46.0,5.311524391174316,5.311524391174316,1.0762630701065063,0.4051057696342468,62.53116989135742,PG + PG
339,339,415,318892.0,985.0,212.77747000000002,1.9696,4.0,0.4393824636936188,7.896193027496338,45.0,0.07332406938076019,6.025937080383301,47.0,5.9979119300842285,5.9979119300842285,1.0046725273132324,0.7647796273231506,36.37702560424805,PG + PG
340,340,415,318892.0,985.0,212.77747000000002,1.9696,4.0,0.4397653043270111,9.320038795471193,45.0,0.09854218363761902,7.384376525878906,45.0,6.161409854888916,6.161409854888916,1.1984881162643433,0.9357401132583618,35.14200592041016,PG + PG
347,347,420,592910.0,1852.0,214.63086,-0.01464,4.0,0.2634434700012207,12.177196502685547,44.0,0.6613672971725464,3.352957963943481,45.0,2.7271411418914795,2.7271411418914795,1.2294772863388062,1.0,35.77731704711914,PG + PG
