galaxies_lens_bulge_elliptical_comps_0,galaxies_lens_bulge_elliptical_comps_1,galaxies_lens_bulge_intensity,galaxies_lens_bulge_sersic_index,galaxies_lens_bulge_centre_0,galaxies_lens_bulge_centre_1,galaxies_lens_bulge_effective_radius,log_likelihood,log_prior,log_posterior,weights
-0.5752783911253359,-0.4584294139216498,375423.89449734474,3.2519410997746445,-0.008367958709302653,0.08356490749268453,0.6606947952060523,-338886641900288.7,3.0061290794573883,-338886641900285.7,0.0
-0.06807717823287553,-0.19118739030031454,353606.3754274524,6.496230956545292,-0.08077609451783446,0.06933315218006167,0.37266761824912753,-114392585833233.72,0.2288201635921735,-114392585833233.48,0.0
0.024358168852481855,0.18849802138965954,19154.41657204896,2.3166945669985965,-0.02126007709529995,-0.013844433042357607,0.39464803194337883,-184886191656.6534,0.2007456764897996,-184886191656.45267,0.0
-0.10544317975035947,-0.34610854041600947,124.71361026164806,5.565376334793888,0.03313471177022101,-0.05691080417081545,2.347421369732147,-3444656141.374666,0.7352927371710531,-3444656140.6393733,0.0
-0.2292941184479188,0.39209580304282604,81.8179161343081,2.230803061812583,0.025492679906478605,0.07285804801699372,2.668361755788207,-384181427.8599918,1.1584162147920791,-384181426.7015756,0.0
0.41219458163920164,-0.2507639153175447,53.542766852874834,6.170268867303665,-0.019673036205308053,-0.03048565508713548,0.8885907883886793,-43620191.359554894,1.3119372943521508,-43620190.0476176,0.0
0.17353343771971355,-0.0764021485599733,544.1643370863198,1.1216369563760633,-0.04668638178007023,0.08995335132213653,0.280377159189206,-31109329.15054732,0.20156624854557215,-31109328.94898107,0.0
0.4385043275041184,-0.1941711508406125,27.095176833763773,2.1998667702732293,-0.016517962826199106,0.021843442156728773,1.6909612222596515,-14577163.009519923,1.3146207212343963,-14577161.694899201,0.0
0.1908764198683463,-0.1827833013236981,23.486751554057776,1.6699920360276077,0.062334118046732195,0.0835738510330385,0.9940989402320527,-2282963.621652246,0.43059687776754374,-2282963.191055368,0.0
0.09063803242023985,-0.2619157832740896,0.5730666313520502,5.2878534497672085,0.06878329479171572,0.09143467724239063,2.408804748847214,-26703.004518336802,2.1717485055872254,-26700.832769831213,0.0
0.4512945689100694,-0.18288778918936294,1.2779488411258025e-06,3.9611006778629783,-0.051368697966722165,0.07488820305587099,2.5309430889665983,-7796.4950791048905,782505.2547222896,774708.7596431847,0.0
-0.3268692495259286,0.3226953774304084,2.561102227765847e-06,5.78475005795589,0.0994502388726807,0.035855241755961054,1.9354653728808562,-7796.435740557636,390458.05786094896,382661.62212039134,0.0
-0.20331260526508577,-0.17565668749867316,3.3620708344851335e-05,0.8000182050856476,-0.05318089034342464,0.07141868674721827,0.7102860754223448,-7796.387042131367,29743.9742719,21947.587229768633,0.0
-0.02880883509127967,-0.29866583114880985,5.811439977749997e-06,6.965266091737779,-0.022441803742916225,-0.009823126945110755,2.8171513844544087,-7795.925661938662,172074.8920331046,164278.96637116594,0.0
-0.35420725558000254,0.35223073372824515,0.00011146914555819766,0.7078787168656191,-0.027899185234412857,-0.09003694638186405,1.6690592967601385,-7795.234435907314,8972.478632887302,1177.2441969799875,0.0
0.2390887369947301,0.39966272886330834,7.322701318278082e-05,5.979349856552216,-0.04116306605399583,-0.07440214132875707,0.8572953616056779,-7795.216386910482,13657.367582372617,5862.151195462136,0.0
-0.05374679124550529,-0.22737925162610054,6.383349284957125e-05,3.9700356365285674,-0.023491260033120992,0.08773148933469713,1.426036411527027,-7794.677060837365,15666.060474729962,7871.383413892597,0.0
-0.1697363801282029,-0.3702036044254713,4.735755961415783e-05,6.372713425131156,0.07900686671515983,-0.08137563399711599,1.5684542075558359,-7794.51368998014,21116.874387318217,13322.360697338077,0.0
-0.5329630010988974,-0.6325321431213574,0.0001831603797646155,2.3743380595450776,-0.024949270562629522,0.03880335119725278,2.1340817125696683,-7792.211364669592,5463.496853268524,-2328.7145114010673,0.0
-0.3927396482204687,-0.15890047858301262,0.00026356019477874313,1.837390533227591,-0.05154925834341524,0.08088382147131912,1.5633820575812565,-7791.308477551401,3795.1968423568655,-3996.111635194535,0.0
0.3883333723560877,0.16598518312406732,0.00045498829068738755,6.005434907106762,0.024318098884284003,-0.017555457966115906,0.7080680087441775,-7790.956164138887,2198.849614093938,-5592.1065500449495,0.0
-0.553281630873274,0.13860447073110432,0.0004587507789350068,0.7503792443715125,0.06372904132036566,-0.06208063994983215,2.213004502902818,-7789.896441140423,2181.6402096921724,-5608.256231448251,0.0
0.15419665049938716,-0.2672657898559129,0.000958434349758689,2.117866026489576,-0.034120503026428065,-0.024630488174294224,0.7175622963292091,-7788.407733525221,1043.897212206324,-6744.510521318897,0.0
-0.0569529381436494,0.1790370363031617,0.004748565698117644,3.634970390988448,-0.030552968176200346,0.07826279110974516,0.3249941466649938,-7782.144317480667,210.78600458807162,-7571.358312892596,0.0
0.4809234538548483,0.15477603735221435,8.299542097944883,6.628853179594289,-0.028312139534375613,0.010751615145893331,0.014808710769961708,-7761.921782188157,1.5385051871919528,-7760.383277000965,0.0
0.0338964530070962,-0.17567604857532668,0.003456226407641898,0.8125452402191797,0.07544643880607207,0.01927989839344664,1.1748533657865075,-7761.487439331078,289.5107363592446,-7471.976702971834,0.0
0.45666295632635046,0.10219544786103835,0.0046741566773174145,4.210941475457092,0.008312662192745443,-0.0828279320581805,0.5959335807395554,-7757.11492265912,215.1589194878409,-7541.956003171279,0.0
0.30418993941162564,-0.1394766758187984,0.008674664938915076,2.7149552216492334,0.05452651976291334,0.035779513148341296,0.5853456677684893,-7735.505379801664,115.90036804061354,-7619.605011761051,0.0
0.22430902250736048,-0.01082069408375569,0.005369657296348833,2.0365782710039597,-0.049936382313227994,-0.00027012326025785405,0.9747949983360815,-7727.595801621891,186.5117999509725,-7541.084001670919,0.0
-0.49254678392622303,-0.0967706783632744,0.009517773832836876,1.6106135227384397,-0.019839515092106283,-0.04008345567089233,1.0825076196052215,-7683.9916456664805,106.46640179453107,-7577.525243871949,0.0
0.29677417196183603,0.2889625523904578,0.0010060549946134239,7.323238451973138,-0.08146813832304317,0.05429066588816597,2.850138653635741,-7679.667378857365,994.9346380541126,-6684.732740803252,0.0
0.02249693680328255,-0.31856814943002965,0.2809014457283544,7.9664128300164965,0.06959734424491024,-0.03274343051160049,2.276593487563831,-7614.654858979163,4.126588426586105,-7610.528270552577,0.0
-0.18364751915927813,-0.40059565159666033,0.06285913951377058,0.5047973914156463,-0.04139025910429597,-0.07408352404242918,0.9674234606775887,-7406.020933235376,16.987492725064506,-7389.033440510311,0.0
-0.22900040542276492,-0.3150016600181293,0.016185621276257913,1.6077578446568828,-0.07015981624718355,-0.02764197835200642,2.2117030837537213,-7373.05496439531,62.625828078063904,-7310.429136317246,0.0
0.2705981099001693,-0.17099217212700857,0.019056343898407064,2.7579484405966284,0.010535289766762948,-0.09268694434411753,1.4367630244204788,-7338.437140906046,53.045194584712746,-7285.391946321333,0.0
-0.15612894952270798,0.0918444321235828,0.05568986336164307,0.9281110178114109,-0.08343867920308301,-0.09952538956865738,1.0938425778620835,-7242.5196912463225,18.138876154768916,-7224.380815091554,0.0
0.05622327200388076,0.33048110537399883,0.07526422704351893,1.5203804958870821,0.09597301409730633,-0.010643937650468713,0.7839692647728386,-7203.262687394207,13.910851308254577,-7189.3518360859525,0.0
-0.058057347179257396,-0.061409346335175224,0.1773531502560728,2.3592321990146634,0.09480382357386238,0.09328724326530591,0.4638248938960311,-7035.416642884448,5.678144111273388,-7029.738498773175,0.0
-0.22515140684321652,-0.3398960376577974,0.02701372363645715,1.7203073790228185,-0.08738498288910237,-0.09406548575245216,2.330342707744821,-7031.192961387057,37.94167949078831,-6993.251281896269,0.0
0.4069616581587897,-0.17475578673608883,0.3500594520055871,4.79625059201585,0.08774801140199537,0.035561462234926844,2.7638351995172576,-6906.784244333561,3.9464208182342135,-6902.837823515327,0.0
0.38834487955830577,-0.004866927371535199,11.494854526970718,6.4422850563608405,-0.03959552239192328,-0.004185097626295528,0.05530907673077723,-6726.366610569895,0.9249700711081313,-6725.441640498787,0.0
0.23171241922479027,0.1562588530994143,0.027062155459091835,5.200070861183262,0.08110845340558284,-0.016745714908821194,1.7366351541915763,-6584.893126617307,37.385902014814896,-6547.507224602492,0.0
0.006278980491039446,-0.05326920453254576,0.01586849161552255,4.837477416759986,0.06833522882620219,0.06234974546206484,2.8465584961888153,-6436.208103584487,63.033945418458394,-6373.174158166028,0.0
0.5428923197976169,0.3482768912976951,0.04477468914516647,4.10394334643709,0.0838147296270712,0.008727473497190899,1.758445658089193,-6270.3307105426475,24.645318203088834,-6245.685392339558,0.0
-0.3057987442921229,0.301730239630317,2.6379530305543706,4.718056073772911,-0.05028315861965707,0.05517225419147628,0.03891257927061653,-6258.389283979019,1.4043818592698956,-6256.984902119749,0.0
0.08303262049018235,0.4693290080085853,0.17684056607880194,6.764834272303187,0.040738892244708114,-0.08850987204138841,0.6106797711853607,-5858.5086419638,6.916834088348285,-5851.591807875452,0.0
0.0010203165421475468,0.01982322697141105,0.04737735432191564,3.02211453812887,0.05726043032391398,0.07013145169767723,2.2252036617937874,-5799.1613790310685,21.109319387708542,-5778.05205964336,0.0
0.3813823028027036,-0.059068557923346726,0.20788715285065928,2.6668757628576,0.08289373586497314,0.004446876225909668,1.1925326036009372,-4481.938832865773,5.637755147601091,-4476.301077718173,0.0
0.1318047891747431,0.023124865832659977,0.14788822262500684,1.9143340326314608,-0.058950724999517284,-0.05914507905699469,1.8359235452866045,-4341.054941018519,6.861348459589484,-4334.193592558929,0.0
-0.2717067907130869,0.19691695182855848,0.3606749069316473,7.320464742010309,-0.06494433608046331,-0.007106127578349206,0.6607314853061544,-3989.3557115710732,3.398140274100494,-3985.9575712969727,0.0
0.317848169643498,0.3137886307804072,0.9294833398975382,5.891906160619653,0.0829796738577771,-0.030837168070661974,0.4277855590015551,-3917.1673365772517,2.184148534077681,-3914.983188043174,0.0
0.04892413529674906,-0.011033960857493624,0.09148031951091419,2.7026210173377514,0.09348021434784465,0.019031926847249123,2.637940046071557,-3908.2911277778107,10.945286931502846,-3897.345840846308,0.0
-0.1422680668275929,0.13398883934970593,0.4211442634081655,4.798141488261492,-0.02076264652990223,0.08354854189808053,2.1331453812132994,-3831.8071946708865,2.5866677622773215,-3829.2205269086094,0.0
-0.3765086553964741,-0.753621714905253,1.2052992460496637,0.9215928672900965,-0.0689800605330381,0.016109226021895462,1.0657679171454748,-3765.072830643309,4.772472018651028,-3760.3003586246577,0.0
-0.31348087489239573,-0.028973783360091297,0.18147611507241104,7.817576514087957,0.09278020561466457,-0.08520352732652173,1.2015589272078286,-3200.736528453342,6.06097668459991,-3194.675551768742,0.0
0.011054265948276625,-0.08982415590317532,0.7650401393415649,1.3629139701358248,-0.04944073751805087,0.062049080045881916,2.5761373596003336,-3115.3382443735113,1.3526241569774222,-3113.985620216534,0.0
-0.0012000545837081778,-0.05449883813988415,0.4973833968908752,2.7099609879894535,-0.047271398782929186,-0.07862767252791439,0.8164359032368715,-3061.4436761546954,2.0270301595302636,-3059.4166459951653,0.0
-0.36035776143942577,0.4943817041197101,0.21860798699224043,7.5870658368268,-0.07953305313460844,0.06694563254075078,1.1990130965904862,-2904.094666666717,6.653681534732799,-2897.4409851319842,0.0
0.2961230701957058,0.05331859458403821,0.8781341336867522,6.687309887395499,0.004735139250353251,0.022762432668525956,1.0028446760763883,-2827.883054790888,1.6417323309247005,-2826.241322459963,0.0
0.09665121802973059,-0.38785040024173084,0.967127689103739,2.5315304526231626,0.09630461527822023,-0.014890158173904156,1.4777007789031136,-2793.6524725177615,1.9215973558343085,-2791.730875161927,0.0
-0.2284156567665463,0.008516653141149279,0.7194223742885696,7.695425977993593,0.04464506390935413,-0.0758844941825809,0.558292206815546,-2678.277859368383,1.6802609508532944,-2676.5975984175298,0.0
-0.19020103862204885,0.32426526120207466,0.09486822617071605,5.517741071565383,-0.050015265888750673,-0.018481884126955755,2.1726924177630615,-2653.4958056281685,11.326072575029746,-2642.1697330531388,0.0
-0.20671548241191934,-0.03483193475956002,0.24916533309634004,6.250227918137078,0.0038837453408156614,0.01766205818380784,2.5071730973264743,-2411.1465566852908,4.257535819667324,-2406.8890208656235,0.0
0.0004197185877090694,0.4710866577808159,0.2660488585273073,5.978491720092924,-0.020530156622314916,-0.053666695701673886,1.2198862487767788,-2220.2502255695717,4.991612631180153,-2215.2586129383917,0.0
-0.695688170260275,0.6362919979469631,0.1801277308149102,6.391808719137127,-0.06539259649213729,0.07973228969661472,2.455190439881247,-2166.5263454909477,10.489669024723973,-2156.036676466224,0.0
0.25861093096002374,-0.33964467463783277,0.5105374341272847,7.458678229715339,-0.06898286123464414,-0.06925754892810779,0.7586938714769903,-2022.2729419102352,2.971154221565203,-2019.30178768867,0.0
0.031651310905832446,-0.5010260889703336,0.515631512948281,1.6070980857571935,0.0002881363307409429,0.05721836858280807,1.4458080238585072,-2008.1352170894716,3.3395302612783704,-2004.795686828193,0.0
-0.5339035476748457,-0.5632317630624623,0.210431871219715,5.945010214633599,-0.09136876516018265,0.07247531856083245,1.8667277139615104,-1975.3385698358884,8.098148623884732,-1967.2404212120036,0.0
0.2649969528828702,0.0781880793156517,0.6076071318758904,4.724597453396029,-0.055706653580797655,0.05833756390436354,0.7355798572180186,-1951.1134746628722,2.069893415594141,-1949.043581247278,0.0
0.09304628976880826,-0.6259568739490293,0.23860090977627738,5.763817239909225,-0.04373171096069422,0.09127589244340922,1.665988289102404,-1920.5663718631045,6.415985634226825,-1914.1503862288776,0.0
0.3264589136188477,0.13867131524561566,0.15679587247952473,7.482683325835279,-0.012759557082003464,0.04936405247571543,1.6857300871101781,-1888.7446127481421,7.076636437188871,-1881.6679763109532,0.0
-0.4935049027746682,0.3245939252804701,0.31721554205710706,4.439568505035798,-0.04959721668027618,-0.012675144997644633,1.333315214125071,-1874.0293714815693,5.090810132476965,-1868.9385613490924,0.0
0.43435607498954537,0.06841142751563294,0.5069234175997303,4.046326534392531,-0.015572553051969668,-0.03515252201916018,1.8451901284496082,-1842.9569937856609,3.046825246942385,-1839.9101685387184,0.0
-0.641848313706329,-0.08469655583874294,0.28594825209450847,5.397162761523715,-0.03091986529969161,0.046195859208889495,1.4046066259922843,-1811.8306331495032,5.825707170125351,-1806.004925979378,0.0
-0.2115993323211747,-0.19736605588551623,0.6433958608465236,0.9474524060497174,-0.017531203366508902,0.060907061763344233,1.6021952353933182,-1694.6019448864918,2.0194066239322384,-1692.5825382625596,0.0
0.2787740077177044,-0.029539144346718196,0.3073185215616278,5.7594486536987475,0.023771075410579906,-0.0334186282316888,2.138854741242611,-1672.7943249306286,3.690550187072523,-1669.103774743556,0.0
0.14581706883131787,0.005806532637450324,1.1158232427481847,2.232888280165652,-0.045902473077423706,-0.08135288128542205,1.3716801022693874,-1639.5387975088838,1.014512255110786,-1638.524285253773,0.0
-0.007500289016443502,0.48478480791420964,0.09866821163412222,5.056347878894788,-0.09608718275939565,-0.021435603466899142,2.989456943991254,-1510.0829059222683,11.44093512773866,-1498.6419707945297,0.0
-0.07891736721159134,-0.3544998506536031,0.732951924814393,1.5327723661812402,-0.07391399908317714,-0.058010919368998694,2.1335527297110155,-1474.6739851174734,2.0971131576460187,-1472.5768719598275,0.0
0.15795148304077422,-0.04552683289681152,1.0935631192854083,6.083182399389552,-0.04137355886740151,-0.0736877032796764,0.5865464017792686,-1377.8416485269145,1.0645606441614615,-1376.777087882753,0.0
-0.11318206639645312,-0.04888827559698695,0.5712175170967381,3.3204685025148097,0.03255739460332138,0.005474254973648257,0.9971522356588443,-1371.6775286208272,1.8350923907327312,-1369.8424362300943,0.0
-0.06161685104355578,-0.26756295976008565,0.8816232758341529,1.9918003123313035,0.006343367237061387,0.0343707535724489,0.9317476250757921,-1126.7623297646414,1.5530856223151062,-1125.2092441423263,0.0
0.14995365717068265,0.08619004347837403,1.5767466138597217,4.052932902752303,-0.009458773004711568,-0.012843038280832303,0.6834755082041589,-1121.6159397367574,0.8004107730612214,-1120.8155289636961,0.0
-0.19862268016250392,0.015069712340881414,0.32734222562667226,1.940403831784586,-0.00931297256747636,0.015058579524243387,2.1173215456867505,-1079.5679755409683,3.275340523651062,-1076.2926350173173,0.0
0.4404289591712158,-0.20914014317637417,0.3125277989133214,5.832350342817709,0.04310139913868127,0.08414027272210642,1.6446955290926957,-1072.4079907560085,4.520366850917082,-1067.8876239050915,0.0
0.10671890566411507,-0.24571311194947273,0.28071555398247366,7.662490476282834,-0.05000456282462489,0.0899142586309469,1.6413152576587073,-1056.6301722114154,3.961012973490975,-1052.6691592379243,0.0
0.12973009116267012,-0.09912313872184579,0.6962293954145985,4.491615523854234,0.05874094629010859,0.03101926517563,0.9421683343004028,-1031.4383900676053,1.5843931769009698,-1029.8539968907044,0.0
-0.14319372075898523,0.09632009910837397,0.20068964881471246,2.594021755220426,-0.04291210056616688,0.0690099062880293,2.7107403294143015,-1020.287074542286,5.148273600362552,-1015.1388009419234,0.0
-0.34471965193957604,0.007043016690549427,0.24956248964067593,6.464225147340533,0.030812811046723565,-0.04509611283891657,1.6778551548709317,-979.972640839342,4.667463785125065,-975.305177054217,0.0
0.34451869618233133,-0.31138928494894935,0.1781180929163851,6.254656858392359,0.006661194881077928,0.04524916959464714,2.215374417534819,-866.8228949106566,6.81234400496547,-860.0105509056912,0.0
-0.010850514487813216,0.23322159491976696,0.6196022347852488,5.284825901887779,-0.03866344141099594,0.013583753805939208,1.1040512915429384,-866.7922050754781,1.9167722480223572,-864.8754328274558,0.0
-0.04651640614034964,-0.2470270775557741,0.4717632688506254,5.523904914501685,-0.06979459219456673,-0.0647773577250679,1.1602818981474219,-742.1575684271355,2.4707413887324137,-739.6868270384031,0.0
-0.18325345338376636,-0.02265022891763423,2.578913207960689,0.6981057757785988,0.02971323603169826,0.01181772506884457,0.7420159740233179,-704.0016264953568,0.5771761329774593,-703.4244503623794,0.0
-0.1915150053385289,0.18660431539959274,0.2660877078590367,5.292924386794133,0.02226943993099781,0.0695586961368902,1.8724717207253718,-688.0374162206055,4.155376921766029,-683.8820392988395,0.0
-0.3639110010370839,0.0007494133286618566,0.5595782472999334,5.243954783839752,-0.0856587819959054,-0.045887208844873385,1.166562184837916,-666.3400389176492,2.522792275669519,-663.8172466419796,0.0
-0.27484241855323804,-0.12901273663123608,0.8456200853681425,2.1214212686001317,-0.022512828879438965,0.04956533795403148,1.4663523000884504,-648.3835529373265,1.6946899377026203,-646.6888629996239,0.0
-0.11204873402841392,0.26542014668168135,0.25416030572409115,2.80218953402574,0.09367310722267272,0.08077683125053581,2.601066182254332,-642.9415294381153,4.395651214527892,-638.5458782235874,0.0
0.3241525348359359,0.09279560372147076,0.42249636399402624,4.968863366755993,-0.09175587777549819,0.06202019669732903,1.4078610643270841,-609.8745282642155,2.9984725518499857,-606.8760557123655,0.0
0.28909990913430705,-0.05930912776256372,0.2522729902011524,3.9202119828232513,-0.090628561265307,0.09955759438331513,2.852302352390989,-596.6313380218104,4.447828333112442,-592.183509688698,0.0
-0.31405949649172316,-0.27953087516312997,0.16341385451234605,5.813860852812083,0.030501713812408016,-0.08379394206643494,2.606493492607471,-594.7596036366286,7.101492610830008,-587.6581110257986,0.0
-0.341763840844686,-0.1001234330461224,0.8486381012240067,2.0528121764187324,0.07605118695874513,-0.06096106180630052,1.1948667415340841,-585.0212055772996,1.8829542873442724,-583.1382512899553,0.0
-0.06035682379939087,0.0025260021753399854,0.551023979193812,2.2419027986917284,0.020631819174838098,0.07981528160724141,2.1574173588761933,-584.9696928421122,1.8350770916585635,-583.1346157504536,0.0
-0.005472045257941113,-0.16710170914138114,1.1372088298769258,1.3437288061352846,-0.09179540684320064,-0.08848670698992055,0.9420640592532261,-578.765935695253,1.0346399934661932,-577.7312957017868,0.0
0.36937051256709436,0.097626988750801,0.5003572983032424,2.787486995829882,0.050035994886707486,0.03267150147243278,1.9213958490901568,-477.94757439762964,2.809491852280062,-475.13808254534956,0.0
0.2116935826808947,-0.20808270068264736,0.9116645803638995,1.4829200017900734,0.012760905718369228,-0.0030878139765439794,1.1975370302032182,-476.561257817982,1.5864090006364542,-474.9748488173455,0.0
0.4289527740509775,-0.208904604098537,0.24648248354012717,3.734413486230234,0.005076253055752475,0.027712551263217644,2.5414862270072054,-473.31173824514735,5.321759075321429,-467.9899791698259,0.0
0.18963977659625786,-0.2937720564206255,0.19987844623300077,3.292184123766229,0.023660420951892108,0.046144970876309865,2.885474520706282,-470.60967518023824,5.682292169996732,-464.9273830102415,0.0
-0.04508861606646024,-0.015838301483760205,0.1722013830084035,6.158370023294263,0.011978031903405767,0.02362276814351083,2.653055701229925,-463.23167135592814,5.819842262265661,-457.4118290936625,0.0
-0.07716415200611305,-0.009931656422782308,0.2786131332437412,6.251330877570203,-0.07583456264209444,-0.06876166784586255,1.6184230413662926,-450.1536532274715,3.6228337205000836,-446.53081950697145,2.62527e-319
-0.1006671093841556,0.2879394921937621,0.28940837334882386,2.7689478499501536,0.0920376156943927,-0.023242639438150692,2.4533367525786085,-434.27460721640523,3.972230698683455,-430.30237651772177,1.96863706034e-312
-0.14755925540025416,-0.12015843249552578,0.17211658491445833,3.8535834630617845,-0.005124533272795856,-0.0878249113119078,2.695479298421309,-426.8501432971974,6.011191918865482,-420.8389513783319,3.145132776518873e-309
0.11436177314411189,-0.06941918310110524,0.5750632826572032,1.9683016458337537,0.09948869624751619,0.09583889806904944,1.9469829422490543,-362.53820574312056,1.838370375718474,-360.6998353674021,2.5498246469284904e-281
0.22764126651911715,-0.14931258651210866,1.1884585009358664,1.0767199944449817,-0.0842166214181165,-0.06963044441451591,1.2009695347043354,-338.0372057799178,1.2531749582949905,-336.7840308216228,1.0616224668586326e-270
-0.027004831167500035,-0.29104460569132523,0.457695046501436,2.6542828653688506,0.02634832961126371,-0.08675797752446293,1.681207179321037,-323.98698961428113,2.6595065610779045,-321.3274830532032,1.278534629346469e-264
0.014393625624814544,0.2341403838516834,0.26390312248931236,4.962246528476831,0.013411349483203328,0.014267036773808056,2.140477826075973,-297.5517646789989,4.094985386982301,-293.4567792920166,3.68294446525706e-253
0.1402632878229128,0.10629581903794526,0.16811468287887155,5.080826720457075,0.08931482902108842,-0.09322133516773155,2.7946754564511225,-292.8978683171032,6.12039036394424,-286.77747795315895,3.717784469143469e-251
0.2542013369869775,-0.060386213496490024,1.2692935187739476,1.3653606248896575,0.0651508864109013,-0.08169661230996356,1.0740753318177085,-289.71934921088894,1.167088807318302,-288.55226040357064,8.772271730508129e-250
-0.31092753843394233,-0.06092094526256257,0.13176933800113724,6.274510571671237,-0.09018505024256457,-0.06974638311034498,2.892369438352497,-267.4896687503293,8.146726124815821,-259.3429426255135,3.617675838694159e-240
-0.3068338125789432,0.11426120838276917,0.4810708283424261,3.251476650465066,-0.035232025940929,-0.025615443986559433,1.5259731017223086,-248.45353502359455,2.674266054534946,-245.77926896905961,6.375704596837497e-232
-0.13631746605650918,0.3328201510250573,0.24290991930161276,3.3780541795537196,0.005236441500277328,0.034533174206605316,2.941104292516239,-240.38327914694833,4.83537300815773,-235.5479061387906,1.9424160783228587e-228
0.06495956640844874,-0.1711047301750908,0.7001344489866116,3.2885437047659263,-0.09993381241369206,-0.0932928936625306,1.3472633575366455,-234.0784270487361,1.614389173110401,-232.4640378756257,1.0138473473553605e-225
-0.0226579885928163,-0.2664220601749405,0.2038735760301763,3.4841324443892,0.051366770174539333,-0.06924244777380038,2.872659944295452,-219.2252452863371,5.302189974089156,-213.92305531224795,2.7204790731476302e-219
-0.14923094950916657,0.0632228232220013,0.14748150149347924,5.305601525734053,-0.04943239099120809,-0.007679370543553776,2.718165286382467,-214.5941979496945,6.926439172357808,-207.66775877733667,2.684761783682989e-217
-0.025719537795111432,0.1530331492185987,0.20102421694918438,4.830044771080075,-0.013492429175859258,-0.0465196359153834,2.2602763789998574,-211.9435263380035,5.108306365633339,-206.83521997237017,3.839774918686997e-216
-0.20454588488107373,0.22688657764727146,0.3396192450492192,2.8848931354694827,0.011855683964921843,-0.0193368102337598,2.5495361416965103,-206.0990177691441,3.4628991030896557,-202.63611866605444,1.1829906482769393e-213
-0.24997115444154583,0.13569601259852748,0.30217471063517637,4.018272509246556,-0.09249858140794563,-0.08888962829064803,1.8665829474727567,-203.9671548261656,3.758782593421443,-200.20837223274415,1.0594332556501559e-212
-0.23146252750357288,0.2719436015899588,0.9655354117209675,2.092076930172302,-0.045704643356315605,-0.08343828170416082,1.1780513753220911,-199.1476341146314,1.7441849284817688,-197.40344918614963,1.1266407471718842e-210
0.07857674189707786,0.21059260363524424,0.45422236356728407,3.2295735608011897,-0.01478824988216075,0.01605981428635092,1.9508496087639395,-188.8275425019416,2.4822512563851213,-186.34529124555647,3.229076536556966e-206
0.05662510510520169,-0.20977215866483814,0.2594402863790673,3.639569815375051,0.04605883979273054,0.022800866785690793,2.5052683333752594,-166.66749966260636,4.116733502162702,-162.55076616044366,1.2937758729837931e-196
-0.2467994301496525,-0.12064641468202283,0.2779553901859347,3.404313647013823,-0.08745940627036211,0.024567861278592007,2.6499656688815483,-140.31402469489854,4.016952481277903,-136.29707221362062,3.43430218526694e-185
0.05515137003775087,-0.0862422821151983,0.6788197512600491,2.479378752121418,0.06290504969427588,-0.025728448134600804,1.5189842525367805,-131.43875001964238,1.5313640299989537,-129.90738598964344,2.3398754213222153e-181
-0.11404252700936218,-0.011748683322767087,0.5571786475921058,2.3538312918413027,0.052199504693346305,-0.04409103432273936,1.5483360812152926,-100.16206934035802,1.8677772206198076,-98.2942921197382,8.535570547083116e-168
-0.0071892681017220175,0.35816968918261805,0.18207765613187438,4.942531725813686,-0.07004120290285959,-0.03664339779299862,2.7439360180280543,-98.71677004059052,6.20514659770298,-92.51162344288754,4.262194001875457e-167
0.17973554915804651,0.009258037209861332,0.25061052197663,3.973906914914111,0.04312764337443689,-0.05761310059982627,2.3328527316218794,-94.33248283755279,4.170203105900137,-90.16227973165265,2.6668226373445894e-165
-0.1366551226900246,0.08969276274293723,0.19228424667784036,5.154912280149078,-0.0533850028975724,-0.0016427695567620415,2.5849379743529735,-88.13192154136573,5.34907523738742,-82.7828463039783,1.2392857283168447e-162
0.18237057559179407,-0.060769200868063936,1.0575427153171977,2.250736318144777,-0.040108440054385075,-0.03080131456436906,1.0755960984033526,-82.33613083182377,1.1508767416213168,-81.18525409020245,3.885979295096981e-160
-0.09293770026298298,-0.26564385288106185,0.30650495135288275,3.6379641369894524,-0.03907873863613658,-0.09742996731312875,2.1636604355618747,-78.80418759190843,3.702612661255219,-75.10157493065321,1.2984232738565311e-158
0.17615542231956421,0.19262411401218382,0.5364209851311992,2.951443965520758,-0.09573723406201792,-0.05915842414297544,1.7954660551102304,-75.60943035209277,2.242734023218516,-73.36669632887426,3.052202221555712e-157
0.11568811055684815,0.1557052354106891,0.5528096783298678,2.122363226148222,0.06767167591318035,-0.08315145621671419,1.8445851658702046,-72.71397798197017,2.0179844955319233,-70.69599348643825,5.331228814391372e-156
-0.004121795130280405,0.1626430732106663,0.3941431520065108,3.0113353050664653,-0.0310526520317419,0.03416336700156894,1.7797097358715086,-70.01908757346638,2.684203457300386,-67.334884116166,7.603909689828823e-155
-0.0238638238722576,-0.003996041914291626,0.5523205777943984,1.9098452132004524,-0.0385256941052791,0.03496377936827272,1.709658535609066,-68.02636328995732,1.8137952202185144,-66.21256806973881,5.65445400869493e-154
-0.02326220199051407,-0.10024869853651329,0.6883142248191382,1.9235561265521361,-0.09269547752225732,0.0258782176548209,1.7586662489069331,-62.439657661097954,1.5116633437405296,-60.927994317357424,1.2694021067074083e-151
-0.03143606564798145,0.23496170748781997,0.5108340235043183,2.534935473824022,-0.04918047194394575,-0.011135276237148009,1.5734979454833684,-60.47306161175811,2.269778722926026,-58.203282888832085,9.811748353653258e-151
0.07138333928529039,-0.07503816972465623,0.28818072396500355,2.8895825106982618,-0.03476496528551665,-0.018793452689277762,2.299773765884911,-48.17713071892126,3.5296353216258467,-44.647495397295415,1.793638583334322e-145
-0.1569106212289161,0.05682022289832194,0.6702446462341879,2.579893137402732,0.023976780566938055,-0.04725219101397752,1.4199641528587925,-47.819757520627036,1.6467118595553725,-46.17304566107166,4.1502374198762655e-145
0.015120763074405122,-0.19678910750354633,0.560605712181605,2.5692547690844996,-0.07405072074417249,0.01810942316116748,1.5541753814232835,-44.88697186928994,2.000199283030848,-42.88677258625909,4.600266976189473e-144
0.022183602065174213,0.1302326077953248,0.3119528119178183,2.537018849967075,-0.025744753888976984,-0.011319371941533277,2.3759043594750975,-44.740677006459066,3.302572169582762,-41.438104836876306,8.974726690969623e-144
-0.05153036037219933,0.1269876527517566,1.0192090107846492,1.9478147039772775,-0.00844006139775369,-0.007781363860411908,1.2459552902049693,-43.283934795641585,1.085493254323552,-42.19844154131803,2.4267483222402303e-143
0.03268884605277731,0.2676917479529528,0.4348542552513458,3.54187006725558,-0.07543791477911488,0.005706131561841854,1.6753589936436888,-35.787085920056484,2.7036623442681393,-33.083423575788345,3.3803014896069808e-140
0.00900973181301807,0.16039558810501126,0.27983910139485013,3.734468085770172,0.05180714185444568,-0.08796672641421735,2.249944814724201,-35.487286507214776,3.7168593626108226,-31.770427144603953,7.55991605999964e-140
-0.030055004642793665,0.20073792793594725,0.5848295028331923,2.287680221195408,0.04803697980778379,-0.04416698007600024,1.6289651681818174,-26.023137301035717,1.9387834955854486,-24.08435380545027,5.330876798793413e-136
-0.10411711309673356,0.19023647524627788,0.959978296051633,1.7572947537740988,-0.047231299906110275,0.022112739864989253,1.3134263895327822,-24.494835505342564,1.3029696050110053,-23.19186590033156,2.8481634068110386e-135
-0.047703558581177224,-0.18385799299679398,0.7689568323228966,1.815306858751854,-0.05460910269789343,-0.012785961972088228,1.4717960903916658,-22.827195188457154,1.500904179910819,-21.326291008546335,1.404221580135709e-134
-0.043727988990471006,0.1662350623481346,0.24076189418644067,3.3823033191600635,0.05109679568488629,-0.07722538388358582,2.6617417499691673,8.709574146981538,4.317626933850061,13.027201080831599,5.590130917472481e-121
0.10568225184390347,-0.06293472091009188,0.9862894978100664,1.4624321721592315,-0.03930759801710009,0.02696593662841293,1.3262718131427014,9.478198971270558,1.0979539678849504,10.57615293915551,1.680658611856398e-120
0.008311773217740445,0.10232364264845475,0.21025206600065335,4.464214833534916,-0.08793514566409599,-0.04028674315668867,2.3544327089298855,9.612570463623115,4.814747017747454,14.427317481370569,2.3444487575389593e-120
0.08972130325220126,-0.15943557400112537,0.3934206620998852,3.045011127887346,-0.024909404547279176,0.0011883022123056336,2.1248898487974257,12.153738790356442,2.727750846065363,14.881489636421804,1.6314222362433526e-119
0.11928802390485493,0.19199381125000967,0.2393284159638354,4.381682199395965,-0.06844954583672364,-0.007004205812661202,2.310745737082658,22.365139948605588,4.46219914178272,26.827339090388307,3.9193822107414182e-115
-0.03439685954913592,0.12838627441581613,0.2497268548888544,3.08097705350141,-0.05089861262802376,-0.05319161112017433,2.4523524455253325,31.08128782013921,4.102520543069231,35.18380836320844,2.2775004168427457e-111
0.07782079962510492,-0.03330105858732129,0.48847314715510803,2.7092709180125034,-0.03690266770375723,0.05602851268824946,1.7092770237773083,35.83459976238828,2.087001204286938,37.921600966675214,2.536670370976567e-109
0.16351793051232086,0.08081466312502501,0.2981849323853408,3.473937508042052,-0.058606736001596174,0.04127448110503115,2.2025671757199614,46.164263248130965,3.538451974619174,49.702715222750136,7.336279400387249e-105
0.04412196134844612,0.1299192564400846,0.31513120919243376,3.4168523927908088,-0.024667356055823528,0.025381053436259265,2.099761767243094,50.48835816784981,3.277868944379859,53.76622711222967,5.344629999045309e-103
-0.10249910258014715,0.22972161751543033,0.4280564617016933,2.4398073977410215,-0.061175828643018605,-0.08056776242712922,2.229479704779998,50.81844376557217,2.6876853458258028,53.506129111397975,1.201182682336113e-102
0.023980147200490586,-0.16267573124576115,0.2425408995137403,4.281735553977189,-0.09887466108848764,-0.045823369141590166,2.4051648390746654,51.122977171608454,4.273229522541129,55.39620669414958,1.568023413575059e-102
-0.08956177481773206,0.1518306663428295,0.7669048923476427,2.275200302273305,-0.0036535199752099623,-0.07285683539667048,1.3220564346499564,57.30363566326565,1.4765752239326069,58.78021088719826,4.1626520857518024e-100
0.08562625187035483,0.15218827268608734,0.5149586833179244,2.7827246430717114,-0.0569734312641546,0.006773159503097384,1.572426763583215,69.32767980013836,2.111309617014782,71.43898941715314,6.595713513178128e-95
-0.1632245601877463,0.20923234861658216,0.31132674859417,3.4148135418821837,-0.08270555288278092,-0.08657929514387226,2.4288460884991796,71.80169350523897,3.6032839965719843,75.40497750181096,8.084408030944606e-94
-0.0905847357047977,0.1272694653692585,0.4823966728862095,2.6721809102627945,-0.0010226234090239955,-0.0027225791811298083,1.7831278874897212,71.90996030516442,2.208555628012624,74.11851593317704,1.501436386405571e-93
-0.08540021680533307,0.1289886657842014,0.4308768691002361,2.712143710544696,-0.06906742743560687,-0.02562357801600755,2.198121278224941,78.45515881149788,2.4538001663597737,80.90895897785765,5.252047950208318e-91
0.06140943826732276,-0.10759794638764562,0.35446576101839344,2.6943853640621387,-0.04404339839901546,0.02817895385975161,2.273102974725613,81.83790502106308,2.906416043791177,84.74432106485426,1.5209852945375026e-89
0.029415687819754573,0.0501840181798051,0.5889953996398714,2.210057372038816,0.02543124001651137,-0.016367233917473273,1.616647912071538,82.07286053722646,1.7166045653065884,83.78946510253304,3.1730315331288876e-89
-0.042591447990427724,-0.08000424454178844,0.2706981802023929,3.329248454544651,-0.07072483349479525,-0.06277079775446912,2.88257902229982,82.3918035464792,3.739788454318901,86.1315920007981,4.0093290141363585e-89
0.04234423452373505,-0.0014680575166779665,0.7582022479819507,2.5601528446787105,-0.029306729223708014,-0.0780763371203637,1.3615194396349368,88.10200579656868,1.3288825794757249,89.43088837604441,6.698171679015339e-87
0.05754590542005976,0.10682781938119856,0.3587301602866675,3.135513384679067,-0.05519187747286658,-0.012858200659340985,2.3577649705477564,92.57745961485318,2.869409019731286,95.44686863458446,5.648230305074677e-85
-0.06427187171403839,0.11790883365348634,0.2548770883785037,4.029752216875984,-0.09192719742324162,-0.028053075313949793,2.2437929281773594,93.21631411189253,4.023645129710229,97.23995924160276,1.53940029675337e-84
0.1598591610315717,0.07746266395205378,0.5217950605528324,3.133759380304861,-0.0702475456265203,-0.04334708030920802,1.54078963104872,95.06836655679763,2.091769088032896,97.16013564483052,7.074663289019824e-84
0.10097558383851495,-0.0588350272360779,0.259557819828796,3.1145667348746295,-0.0022051485605200927,0.013411974998740611,2.7838302637435173,105.72126605355027,3.9285818327988506,109.64984788634912,2.4644546943647173e-79
-0.027171568178645623,0.16846194865972428,0.29564079666069015,2.9991593889128128,-0.021834043168045963,-0.04241021004022181,2.764981106960432,114.20581924292748,3.544248229181663,117.75006747210914,1.1360714328448608e-75
0.038710616304923055,0.07976824849460608,0.7045702650031911,2.040547558708136,-0.027050563754864587,-0.023126115973946232,1.4149721794514805,124.17077555587477,1.4629797763482808,125.63375533222305,2.3007666185227255e-71
0.01225900592576912,0.18074503433973632,0.42918131430804585,2.8362467202591843,-0.07341727457083054,-0.006651935234707723,2.095523992945766,127.31586637735654,2.5123456221341027,129.82821199949063,5.3072431268494607e-70
0.096909530117098,0.01586691452635372,0.4613707051332943,2.6186898388413495,-0.037041810636368244,0.031764510865150475,1.8504323830668914,129.76298007968808,2.221027898382793,131.98400797807088,6.083927646354184e-69
0.07090601314274007,-0.03870870491616342,0.6976354120916335,2.342799886791819,-0.04904063610170513,-0.006672164358349664,1.5014563265461556,136.55272928901394,1.4696691775061907,138.02239846652014,4.744460636656003e-66
0.1728860004365193,0.027364173002419726,0.361379877114576,2.58046650122193,-0.0574769073529463,-0.009936095371044493,2.335318055056292,139.16523376233482,2.937384383239102,142.10261814557393,6.604607553307722e-65
0.18653328413390458,-0.04800930271851641,0.31208053594635965,3.194614494682859,-0.06728759010415436,-0.008703380344500383,2.3141628077695673,141.14257451327643,3.4104097476207254,144.55298426089715,4.819181096507513e-64
-0.13699062026781825,0.08285087530906747,0.3328300379181842,2.925508983000017,-0.09148610892775742,-0.02294078663031454,2.5094140203675126,142.05706258215608,3.1469292726859,145.20399185484197,1.4092367897380054e-63
0.09963252463377198,0.044969972790186725,0.30511709165596507,3.296403529319883,-0.09995690849941136,-0.0001032303845084348,2.1954589676504512,143.43797301498074,3.3438132871414226,146.78178630212216,4.7702732394444783e-63
-0.07289723940223997,0.06329718382861098,0.46773739880701015,2.620499283868814,-0.09163783977337107,0.03091739176317515,1.8669904366440937,148.84851580659898,2.1897325539906,151.0382483605896,8.159824208268642e-61
-0.025331891005970116,0.04564376994365088,0.61713555761626,2.8144975389932823,-0.06536152235810491,-0.0632553908049594,1.4911373102086114,153.00194245512245,1.6355287497718047,154.63747120489424,5.0019009249198575e-59
0.07117893756146719,-0.010915310137672274,0.6330208293877274,2.5031625812933154,-0.041903231352870156,-0.007392631886897247,1.4894880795958239,153.7929576214812,1.6085356551237386,155.40149327660495,1.5034529276095482e-58
0.07644518685495146,0.02100865519894541,0.21103615003261617,3.83811470593425,-0.0011242767781729224,-0.04319525860961056,2.765800242745212,154.24639157281837,4.77344260035847,159.01983417317683,2.5355907959577696e-58
0.10813949664024744,0.12593915908668568,0.2495117454373104,3.3528160571157537,-0.08144138425340883,0.03536875887537552,2.7494865938192055,155.34916597183837,4.160909707341417,159.51007567917978,5.9247634761103845e-58
0.12024146098137126,0.011871943887889914,0.7658719712871944,2.1732349652411873,-0.08542196592548594,-0.053325269963954064,1.479542468977681,155.64506671773188,1.3868065515677719,157.03187326929964,9.93148434340414e-58
0.10440221991232611,0.10420430910269544,0.25862552862817656,3.2987031872116055,0.0019430890552537827,-0.08482276198337992,2.602180565050828,158.23217153261498,3.9874741064316734,162.21964563904666,7.751445590198771e-57
-0.1420068221280069,0.15827318577745209,0.23747243966244516,3.5804586148024233,-0.04241706695570551,-0.08050339500190573,2.7235398124827914,158.97401047734547,4.462216859412387,163.43622733675787,2.1282455089302773e-56
0.16309551411192524,0.014059849134905496,0.29049467142974295,3.0276436458538862,-0.048713222273972095,-0.0414426478268382,2.7480409388058016,161.4379411679119,3.591280746471367,165.02922191438327,1.7507229482860068e-55
-0.008538779393494381,-0.06514799382381022,0.21142787243860575,3.8754934657436637,-0.06925525858527896,0.0055804908526328745,2.840959658040644,165.7599709196158,4.753729654498032,170.51370057411384,1.173055476184604e-53
-0.02487347538456493,0.045515543055923195,0.9209332634784834,1.7741587789302717,-0.07873068551814241,-0.03996485885255884,1.2416458191119168,171.84668971590077,1.1008014256869207,172.94749114158768,4.8620248271642343e-51
-0.037393094338168925,-0.05092998968344452,0.24621342741595056,3.2344169394258753,-0.08647289042829953,0.012797186732132995,2.854364787215772,175.99657497070012,4.0836952885759565,180.0802702592761,2.9765140716281655e-49
-0.10488180089434933,-0.046967983005065723,0.23466464954378669,3.363017660441766,-0.05708150072004697,-0.021199209602861854,2.9004766907778023,178.91427321323158,4.334767952647867,183.24904116587945,5.4416376160054135e-48
0.08409256619299028,0.07407643866740075,0.2280667277956999,3.4085709543298837,-0.0312709785448219,-0.014030230601311977,2.7794388820613896,179.64212092571142,4.454453213011834,184.09657413872327,1.5097386976705961e-47
-0.010493509644054334,0.004086683133401903,0.22832078533215186,3.939026901984895,-0.04825847513860881,-0.020191776833404604,2.7387849002721225,180.04992138275674,4.380507261001325,184.43042864375806,2.4273678564562986e-47
0.12225114896798867,-0.002623698519177418,0.2567599492526142,3.3644619994157177,-0.011466294711943506,-0.036000250261325126,2.6243558985252533,182.74434554474465,3.9777563448057274,186.72210188955037,2.193196041580291e-46
0.07088453459668378,0.14064940368264237,0.32756168810842734,3.28284157003363,-0.015138421611790354,-0.05199782540323899,2.2329114575157,183.0694739570513,3.1906760313996516,186.26014998845093,4.664782645008803e-46
0.04707989364953026,0.012361722631393509,0.2795519107719822,3.194774198607732,-0.015389330790353234,-0.012585912599028692,2.693143364328045,183.37737385558026,3.5903160929292737,186.96768994850953,6.088569988272781e-46
0.005916060466503089,0.06618084295420004,0.37183938325672183,3.04078842796414,-0.0060334957977463965,-0.03546435935413682,2.091083618168259,187.64589263267678,2.713860447172995,190.35975307984978,2.420262580238623e-44
0.11076676058645421,0.11507134362949967,0.41034078901139237,2.852578705230134,-0.05944448898710324,-0.04369474431643793,1.8885695773040514,187.98208619841145,2.5787248267126124,190.56081102512405,5.454749428512437e-44
0.06897144963526033,0.09905866335479259,0.22062573483521264,3.8414751830877405,-0.03908599103459276,-0.018710847466468214,2.8844458095540286,190.52649595528618,4.6135054718101305,195.1400014270963,4.162008291930914e-43
-0.08481396441521208,-0.0011511195741910022,0.29072684000112187,3.2068328898023437,-0.029087437787949602,-0.05796154129998314,2.397706578000423,191.42094948580626,3.4796256432091637,194.90057512901544,1.2664871975407857e-42
0.12199865122221386,0.08281239011892245,0.22524567016918529,3.787589368819718,-0.03477515356321051,-0.039290931225115205,2.751785424527375,195.44117144809036,4.560383453453963,200.00155490154432,4.855554651554135e-41
0.14816656075663745,0.15360947946695708,0.28604403539930734,3.124290855827639,-0.07310307675519503,-0.05145567534915405,2.6738740129943763,196.2117058659831,3.7490163447052742,199.96072221068837,1.4359428232616188e-40
0.10165188070633593,-0.01988573668193388,0.23609036797150718,3.368794474480556,-0.03711058455939735,-0.05399483837745126,2.6919792453806877,197.14858247680098,4.29526927586095,201.44385175266194,3.3208235805230477e-40
-0.02081435845114203,-0.04080363778076251,0.2507001480196929,3.194912641021279,-0.0452392856342435,-0.02070739421508455,2.740344261219619,198.0934001421568,4.000485441629862,202.09388558378666,8.117409138051685e-40
0.01505736939069301,0.11737275827352821,0.28799558065655817,3.332606028749079,-0.04527609982746943,-0.06641322326284188,2.6101284405783955,198.11998629593282,3.550070441632998,201.67005673756583,1.1283540729649218e-39
0.09528120646373205,0.11879957581651492,0.280596373939868,3.245703128580348,-0.04835853599245121,-0.0003640959484287609,2.594831100210467,200.14467502006494,3.6926815256642094,203.83735654572914,4.668010416106868e-39
0.101671133916067,-0.06671148135915508,0.24964238932571425,3.343752017669334,-0.0644848143243956,-0.01612402713364433,2.8070011443340093,201.93260585528117,4.087882418383342,206.0204882736645,2.740033668531386e-38
-0.09275069134790313,0.16130315949123222,0.25406517983557225,3.2599950233542985,-0.06727897653375645,-0.09413165041878244,2.848969767766188,202.30113670748648,4.128338954883276,206.42947566236975,5.467250219833983e-38
0.1386972281329661,0.0808719457660555,0.27030391237931184,3.1779019328546605,-0.07754932364797427,-0.03997828879943393,2.830003987482101,207.10386039510848,3.8427461229806976,210.94660651808917,3.7808527250971315e-36
0.03391207453439097,0.015705941826867017,0.2871651377754152,3.1368252915858488,-0.0302554096274735,-0.009403911269810078,2.6226280093565744,208.91792368358227,3.4900763314254295,212.4080000150077,2.548381506666433e-35
0.12994078717670773,0.11262465917740493,0.2097294730454173,3.7512680544412556,-0.05535268325353554,-0.020780055761458013,2.9341032385468515,210.88782474453643,4.9323188616759595,215.82014360621238,1.7049799641157607e-34
-0.02235434476971599,0.16899666888180256,0.2551788879344973,3.356255148588385,-0.07941084943346279,-0.03301509363177915,2.8333947169513825,213.24354590864985,4.0802616633005435,217.3238075719504,1.6453120659409374e-33
-0.11254964753489384,0.006896938429968268,0.25373935190415586,3.4908923794190434,-0.08125781905201612,-0.03953380864609715,2.6144150399564987,216.11119871226737,4.011690916080537,220.1228896283479,2.661497428942225e-32
-0.12051544507642092,0.013367783934129613,0.2078339689101137,3.802301663695723,-0.09417262504363948,-0.08835023712114928,2.895079021957117,222.29553294560316,4.893214501156571,227.18874744675972,1.1658624786310752e-29
0.11188192694013652,0.0972104225062901,0.42378599355308205,2.809741589289083,-0.06295542951859018,-0.028764631876826985,1.9437832596312834,222.4770860542102,2.4817228611639437,224.95880891537414,2.4367127620930185e-29
0.007083360002581503,0.025455405173771234,0.293576741695379,3.397227346980075,-0.045626194636100396,-0.06530052216282473,2.484630175134117,223.08913569696062,3.41014300692914,226.49927870388976,3.5990108168016787e-29
0.08340886798591576,-0.027976428581064004,0.3196714576924668,3.1906987072162836,-0.05383812003688501,-0.0451831964659655,2.2667808470218818,224.2670168737675,3.1712101618421213,227.4382270356096,9.440050576242766e-29
0.051017396706568574,0.07019160322019491,0.4168122231962201,2.5674409264351885,-0.027440229678637088,-0.07378491313355924,2.0772456400111805,225.21328351071614,2.440993197891016,227.65427670860714,2.458141531323473e-28
0.03265668610717099,0.16448043925390057,0.4635828016946543,2.5731489373409273,-0.06263107761246972,-0.07795927800117924,1.9096448914329622,226.59142274800752,2.313335691780404,228.9047584397879,8.377383048055433e-28
0.14745657290343883,0.011549070673452963,0.2753833335578789,3.5118354432583287,-0.06866670233559727,-0.08804646885912784,2.544431404007201,228.13823862413184,3.7528397183301854,231.89107834246204,3.629993975495353e-27
-0.0027995575121608743,0.10405003182121708,0.2476535952132409,3.373112164508773,-0.057723302081905035,-0.07523431534547634,2.946358028852071,228.23206461808454,4.098088433554395,232.33015305163894,5.98087165242203e-27
0.06260401935408656,0.03640315694105635,0.29176228876654087,3.453890889440395,-0.06196395466799764,-0.0475715323521582,2.297102238109628,230.419944832496,3.456583599839345,233.87652843233533,2.9565882108099086e-26
0.09458562517854834,0.008533771175219392,0.22539737322011646,3.231647988589455,-0.0388610505266929,-0.04867343888305934,2.9698315840510157,230.5702324479887,4.486715967098356,235.05694841508705,5.474267890271717e-26
0.0740969343242302,0.174994535995828,0.26739808483236427,3.377350297557,-0.09658677687673478,-0.053193685578825874,2.5594450458730518,230.85883562262433,3.940372806901212,234.79920842952555,6.542168441999901e-26
-0.021462026705748607,0.05218298019191425,0.24405763131542754,3.094653854390403,-0.040961535658295904,-0.03803865661783115,2.9860161217898544,231.22147157150522,4.115079998759149,235.33655157026436,8.680432451336451e-26
0.04805015068098704,0.14028607782563846,0.25634307151841007,3.3594148049873582,-0.03263344548958298,-0.09257335359455185,2.7028785275101543,231.65937136639562,4.023183264541873,235.6825546309375,1.2428356428163694e-25
0.026901983005887992,0.16290916494186228,0.27594744618614486,3.0903891388393667,-0.051490866140541894,-0.07534375666785886,2.6953922622928186,233.84856698123374,3.775340174362664,237.6239071555964,7.14197704406511e-25
0.03169774723230929,0.009858539753199187,0.4099503192457071,2.862706226619412,-0.08034171038412259,-0.07388903920794868,1.9007976535680144,233.898756586209,2.445441846615276,236.34419843282427,1.2548359957047018e-24
-0.06574603513650712,0.026071709274449788,0.23079091106016023,3.684271044389132,-0.09404134915799026,-0.052854205383928134,2.9074195285587225,236.95595992497005,4.3607166814506675,241.3166766064207,1.3639880952469597e-23
0.059892406394032795,0.061294246247899975,0.324194946184019,2.8938696917610423,-0.07098956046892531,-0.00969845858028498,2.427302569764519,237.36325941611315,3.1253642870218665,240.488623703135,3.1051665294329725e-23
0.011905542631664809,-0.04912997480072929,0.4545757924895709,2.6146903064552234,-0.07382813421209487,-0.08927794751674446,1.9837076301612218,240.16463635183837,2.2140503762016706,242.37868672804004,3.1016390471952245e-22
0.062099376504792476,0.15305436166370218,0.26808690243502087,3.489496444698409,-0.09603130252352304,-0.04318219651730004,2.5127176702554888,240.39979107198573,3.881700240943383,244.28149131292912,6.30792940288968e-22
0.057602881805263025,0.013477445748978474,0.30196105236052373,3.187505154005963,-0.03540701746963715,-0.06503224740529404,2.353219596758974,241.23582001903932,3.3311283360367048,244.56694835507602,1.1096714366246332e-21
-0.0375388569478445,-0.048480286333917946,0.26973894404976084,3.2352361137970904,-0.09583696317135439,-0.04184614636097133,2.670900649588349,241.5275288924449,3.7281743168725914,245.2557032093175,1.7242733359770187e-21
0.055654527911488706,-0.016241316557263193,0.27369489722526685,3.3504420569612257,-0.039331730426872824,-0.05765693644092457,2.5381274619488385,242.39958724438276,3.6723768569989765,246.07196410138172,3.188315913081689e-21
0.06308006084800329,0.01951209932648829,0.31677103771527265,3.0040686427220806,-0.040826904089006945,-0.04893968448458183,2.3245778006227598,242.41258329049768,3.1810754609916403,245.59365875148933,4.3105178391908945e-21
0.104014887991152,0.0807943503067265,0.3866199169656886,2.9271719740721114,-0.07524163986130458,-0.03467036458905033,2.0576049174525908,243.00472621661345,2.6828908624035237,245.68761707901697,5.8009381816269214e-21
0.10873195198962025,0.0011788364926487965,0.35682352538574347,2.9121680158730334,-0.06097751037392003,-0.06974795580525772,2.1632919898958876,243.08622932151837,2.868194840590622,245.954424162109,7.416292144345683e-21
0.062358127758058435,0.041608518257408765,0.3761293791350795,2.596032152970661,-0.08792784055453617,-0.0739973847912291,2.33379942819147,243.83057282007294,2.689880779004542,246.52045359907748,1.1412349211593925e-20
0.020381202294872666,0.042851582327966146,0.32213359782649453,3.162581803125673,-0.05871708047494621,-0.045402110910208515,2.3788598887393286,245.25759407051757,3.1168112620038175,248.37440533252138,3.806775836828427e-20
0.016460564628341685,0.04046208702104223,0.3098934710415481,3.0145935959987606,-0.05517454328032594,-0.05541353600476373,2.563744099353489,245.42326325654716,3.237516080585084,248.66077933713225,6.374280896199487e-20
0.11032127716822455,0.06968271936501205,0.26387829941385976,3.4851446145901384,-0.09798926434857544,-0.03736826250587842,2.6496159586487784,247.16312708669082,3.8842172317595662,251.0473443184504,2.2006475933742554e-19
0.09962867929262109,0.023219278768883942,0.3380847968818891,2.984270792664268,-0.049271881357355045,-0.08559676192645824,2.3692958142847753,247.2985596651263,3.0159767610993846,250.3145364262257,3.8243354144060925e-19
0.11985991945818035,0.07379381206126553,0.29007674513722376,3.159159634283633,-0.08028973809496394,-0.04360727286108083,2.474229571364586,247.61721602530554,3.5574298183398176,251.17464584364535,4.618118656887281e-19
0.07478150126497002,0.12465514199149717,0.4398054245835305,2.647127053752529,-0.06857472938407089,-0.08523350505830984,1.9902774585647265,248.47702501383534,2.391128185434564,250.8681531992699,8.563301876550458e-19
0.08294469850254804,0.10570882792112223,0.36504263650869945,2.7608466142130976,-0.074012316449703,-0.0757893447443308,2.323534692842415,248.5044910956241,2.839707027101479,251.34419812272557,1.162005155369507e-18
-0.011272588483813628,-0.03710829026417341,0.21064371388249853,3.749804813433225,-0.08511768613717832,-0.08695626120265339,2.8507975388096516,248.9345069293232,4.755708773209462,253.69021570253264,1.4232484101726336e-18
0.09482724566407869,-0.005554667257956175,0.2819848050681407,3.4560177053973336,-0.09960251589116342,-0.04585298102574005,2.444119856747499,249.86358203624587,3.5964184904374967,253.46000052668336,2.9007968570246e-18
0.0344483628870667,0.10495562966970266,0.2274290468896806,3.64781381285329,-0.06451475390214315,-0.06137756772942311,2.922905713135039,250.96455222394457,4.464766698464869,255.42931892240944,7.936103523306505e-18
-0.04681613619752911,0.08519239755436911,0.24169496115002123,3.2722935032325764,-0.058134110315775506,-0.057356493495966276,2.7808785074242905,253.11803436400334,4.18994381527258,257.3079781792759,5.45350244076282e-17
-0.03984828235112678,0.02457334229903965,0.28160603144620494,3.326571277260542,-0.0851753158772068,-0.032165057003002304,2.471924921833618,253.25335407607304,3.563236609505588,256.8165906855786,9.981568427810026e-17
0.018671248366951044,-0.0496049740782979,0.3192324184348095,3.047045445536334,-0.08875502263819583,-0.09553723701666335,2.42868446030963,254.92405211129585,3.148120987174067,258.07217309846993,3.2048238205067755e-16
0.015779061143114146,0.10112108065227318,0.36041882174414247,2.720686075417072,-0.06942876957994323,-0.06292264838783734,2.2682513984370853,255.91316107043974,2.8327412822892435,258.745902352729,9.476449486707621e-16
0.0029446677366746854,0.0846467178185392,0.3456194727081331,2.98932505819535,-0.08150090466869853,-0.033331924978342906,2.205385997907117,256.4194184355973,2.9332095929154227,259.35262802851275,1.7492875320939024e-15
-0.005848782224306018,0.05665665477353428,0.40669804199258064,2.605796702700817,-0.05245282328982116,-0.05693244946859429,2.138932522612441,257.5385366076141,2.476849937760105,260.0153865453742,4.222436383040241e-15
0.02159607951715792,-0.039884001727315266,0.312218804395001,2.9769519947143652,-0.09945174098416533,-0.06021499215959885,2.4842521756046194,257.72827434049185,3.2143105043500904,260.9425848448419,6.6961759878257524e-15
-0.03130168406850522,0.07040482599517889,0.21140752919929756,3.8518965897579136,-0.07394905783960343,-0.06548611396353038,2.98290956027659,259.27868189384844,4.763181803747408,264.04186369759583,1.9941191043311103e-14
-0.0606858837000817,0.04444985136995163,0.21538522642859792,3.7250591424197426,-0.09544349409753355,-0.06887185729498192,2.843098215862474,261.0420601203276,4.674280447640438,265.7163405679681,1.0704242262849279e-13
0.0006225118032546107,0.04130964564080223,0.2990745808091338,3.052516112928111,-0.03949380170397664,-0.07340272500711771,2.5174811211047223,261.157387306037,3.3531302207209452,264.51051752675795,1.8468518438682876e-13
-0.05291556409303297,0.05733377491955978,0.26716541449803005,3.2913388835473674,-0.08779724178136097,-0.06599386440804147,2.5641037921295418,261.36774133509994,3.776817333276317,265.14455866837625,2.0779716232528108e-13
-0.04106416546882187,0.058894343100126305,0.27271655375482867,3.1968815018849783,-0.08063317395227067,-0.06816634198841491,2.5586964240855004,261.99538143209213,3.695448612598415,265.69083004469053,3.1409712947404166e-13
0.08134558252120999,0.005737662233495717,0.2790195088595211,3.0692487242575415,-0.08173246325955556,-0.08671678659212548,2.7175908110881917,262.87540231787415,3.620923364641554,266.4963256825157,6.652227543547314e-13
0.016643172286547072,-0.0330938974855052,0.2598666905247056,3.1743929640621125,-0.07713376448758821,-0.07884301457663,2.7352148249946486,263.28816773711696,3.855750231640991,267.14391796875793,1.1244385499018759e-12
0.032664030184785225,0.058227736689712706,0.29358213125453064,3.2588445576700935,-0.05745312577903933,-0.09778711488038797,2.5362364642299293,266.77148129509374,3.430965233569592,270.2024465286633,2.163124643781336e-11
0.05290029661594291,0.01475659448777163,0.3157023822539258,3.035828301042527,-0.06878516955874023,-0.09220528488230899,2.4953195134782757,266.86669868637773,3.1842968992259886,270.05099558560374,4.197163045620718e-11
0.06552584544044908,0.014589977412784111,0.22355799491130862,3.3559836533048304,-0.08557420528922416,-0.08119593794236327,2.93839139812558,267.07913312418077,4.498148357411136,271.5772814815919,4.68301526317974e-11
0.028995479687170846,0.08568459211486733,0.3280473506961681,2.8808527178922643,-0.06672274562457353,-0.05102854776766269,2.3780088915584727,267.20459542309834,3.0937992412558266,270.2983946643542,5.2616056121741915e-11
-0.006489992237867523,-0.007435653209264126,0.2569442606043875,3.5142824732311007,-0.09103794254988912,-0.0794902024537511,2.7157733251915017,267.2048161887295,3.8924358372526835,271.0972520259822,5.325578234842249e-11
-0.00983442890249757,0.06870978347610333,0.2764423447555036,3.3862622730064826,-0.07365992333725528,-0.0731553364386366,2.6208201355571186,268.6478136793536,3.644156099007657,272.29196977836125,1.3273227654257605e-10
0.029379388686423077,0.050837840913444225,0.21365338968386585,3.6651227727560567,-0.04258228281347758,-0.09159107518512397,2.985995514753199,269.2592519565047,4.699631571882491,273.9588835283872,2.907241390608309e-10
-0.024746077548211735,0.01264306167696165,0.2964523474908273,3.3300988488520744,-0.07754181209482398,-0.08435158944390074,2.4692203415192497,270.1347678254469,3.3775135003889574,273.51228132583583,6.102956793878968e-10
0.004062177524427222,0.06332366717226741,0.2453338985492797,3.530879710680422,-0.06470713709208292,-0.07871529533153833,2.6291176832043672,270.4581194017711,4.098446388607048,274.55656579037816,9.772050613157332e-10
0.08160224912582492,0.01323133228050848,0.34946858246885093,3.0729650847013716,-0.07654756514671063,-0.07923472205826274,2.2430151967019856,270.72105290100205,2.899454196240622,273.6205070972427,1.242216893744535e-09
0.051163282162506665,0.06581999872200599,0.39001643900932986,2.865014236514023,-0.09961518013259939,-0.05135934713150218,2.075909941868698,271.4319960768084,2.602605342127508,274.0346014189359,2.0305799381085498e-09
0.07020994338964211,0.0334270521076919,0.21259773666063728,3.5383803312421587,-0.09257804321481738,-0.07142182627053545,2.9481992586690247,272.0753776002098,4.737312292850844,276.8126898930606,3.7647253478258826e-09
0.08378131689190547,0.08312796756464462,0.30168593793369225,3.1692713100581225,-0.06864207047526089,-0.08361833583765438,2.4228613650454895,272.0823043946003,3.3920918640735436,275.4743962586739,4.716990441972806e-09
0.009299572381105741,0.026968858411768378,0.3147847517602299,3.059075790470761,-0.08911615791164909,-0.062090732224412415,2.502581641469915,272.1473449078196,3.181295071110422,275.32863997893,4.659402217772266e-09
0.007779584988536734,0.017610437543139106,0.3267894769100148,2.9144263963776056,-0.07195870021816189,-0.05033799104834848,2.3931427142563724,272.2738051893997,3.0621332194256654,275.33593840882537,4.890606860118848e-09
-0.012661956219827988,0.026226102823465137,0.3590155747824736,2.8643769577181635,-0.09410920279726966,-0.051548768918093874,2.2449887194976434,272.3991208244885,2.7901063327096423,275.1892271571981,5.612938139879665e-09
0.025216029178645686,0.039337997461074366,0.27092458021433624,3.268437368606639,-0.08354761265908006,-0.060678067385889864,2.5307505693958725,272.7508000585258,3.703193719974493,276.45399377850026,6.472125273498195e-09
-0.0097518211917315,0.0033178520929830627,0.2288645781855569,3.563992639607952,-0.06838560770524357,-0.08851768333093775,2.7960770496069056,272.8954273424255,4.369985598969921,277.2654129413954,7.799808783776482e-09
0.049177606588529106,0.03653081670998679,0.31374739643811156,3.1844032374267535,-0.09565606894477587,-0.041171340449741745,2.355605457660274,273.91939436004117,3.2081270978053547,277.1275214578465,1.5069945572870757e-08
0.07512223477482734,0.05205202062272512,0.22199402357915088,3.4064811693015153,-0.06210358837030497,-0.05830422968247055,2.938874754204768,274.13408963337656,4.551030011635895,278.68511964501243,2.3648165803704433e-08
0.049652021650685815,0.011851821306230874,0.23493990981848106,3.4698221447881274,-0.05810647761598236,-0.09904907011173192,2.875473144500245,274.3782793331512,4.270884129807907,278.6491634629591,2.837822948660987e-08
0.028020139547750778,0.0949450546879175,0.2674602458861612,3.476877201885553,-0.07093636645811226,-0.0859180067410914,2.609095870770693,274.86527149702897,3.793316135385766,278.65858763241476,3.9819020338492915e-08
0.02147669815465938,0.08705279350211617,0.2117978176945883,3.8869216146576466,-0.09125529766621435,-0.06338171725852076,2.847286932239714,275.02399966089786,4.766147505906745,279.7901471668046,5.101929775592581e-08
-0.0017773856141963626,-0.0047481701447846456,0.316935588302222,3.2271779909257017,-0.08682812915416555,-0.0858136966567609,2.358522848000496,275.14124182126005,3.155358046552361,278.2965998678124,5.5699443207127025e-08
0.0768717853375577,0.023400030455447515,0.22288977548283898,3.6268605934140137,-0.08943674148725184,-0.04789273885526474,2.8685748692914537,275.96358274465047,4.522393826013589,280.48597657066404,9.197393465976045e-08
0.013249494221405245,0.031077852781710037,0.23472460352307098,3.781372332148076,-0.08974004721799564,-0.06868459550856698,2.7064607798580385,276.60561834134313,4.266652819206985,280.8722711605501,1.7649935207148773e-07
0.04661626538167648,0.07862055267685766,0.2613288042592079,3.4751152030448647,-0.07917392579272553,-0.054809390992949514,2.6542511573908643,276.8094531959036,3.8730095268514373,280.682462722755,2.451774092851922e-07
0.10126860050961056,0.060010433688703985,0.23508070478692106,3.5760686354249387,-0.09033793400634371,-0.08433488926120966,2.834299521135653,277.3466112461412,4.3308392781470895,281.6774505242883,3.48676874616444e-07
0.03419560940744899,-0.0016217762282594937,0.22015060220838956,3.6346315034806804,-0.08250960050741872,-0.05514382466700858,2.8658853642379656,277.77449351031754,4.5488560018668736,282.3233495121844,5.310980520602849e-07
0.05650225060038411,0.007257896425046605,0.22192168702516615,3.6938784434836145,-0.08733170540197718,-0.05479004287632799,2.895126591609211,277.82461698454426,4.524122864887983,282.34873984943226,6.281383545949326e-07
0.03367629902523797,0.054031189788484424,0.33896874500887847,3.2004441804382275,-0.08932639635477059,-0.09709725576087358,2.225558933388823,278.301888087488,2.9726437384033577,281.27453182589136,8.007596306472922e-07
0.052334153836781375,0.027860212908161427,0.273077999329064,3.2170511795943573,-0.07008835960197343,-0.06185227864775608,2.573267490708408,278.8120837920085,3.6814854824671333,282.4935692744756,1.2544937337143165e-06
0.046819291590073774,0.012786631720719917,0.25325417839357106,3.325173984415613,-0.05807357589648374,-0.08095638549539382,2.7397412289183567,278.96098623720394,3.9616885320934485,282.9226747692974,1.612957371888299e-06
0.06255575249646102,0.03503923563986377,0.2796833922057358,3.2803480515887387,-0.09647454005610089,-0.04941750332686923,2.583554176994441,279.50553686881307,3.604032453250882,283.109569322064,2.2475811705840537e-06
0.08290289466735105,0.05148695569829874,0.24340094024625436,3.443552397804283,-0.0817347972924371,-0.07810437624241093,2.7270497301732273,280.2631067773144,4.161357544717191,284.4244643220316,4.244369770316381e-06
0.042677334522747024,0.02841700294738062,0.2208865088539673,3.7804256550820314,-0.07131751223850998,-0.08158305235347105,2.836865601295162,280.289342968498,4.541816651798192,284.83115962029615,5.57730587014793e-06
0.07284733007936728,0.08509283878309135,0.2803028084682161,3.287245260438991,-0.08695344089343081,-0.08810310432466362,2.5375840681982105,280.7572951268833,3.6372788616023373,284.39457398848566,6.98699141943291e-06
-0.01753316817413899,0.0009434051686650292,0.22883102431744196,3.6303032521674217,-0.09020476842835663,-0.08640099938865672,2.8548466595138056,280.7997861958031,4.371749600908642,285.17153579671174,8.361024191767648e-06
0.01947627320050724,0.07411638708168078,0.39146962697683774,2.8863033397344617,-0.08202081558045637,-0.0696777376749364,2.099943423889912,281.040927677916,2.587101951441939,283.6280296293579,9.24083714073903e-06
0.08174512936730419,0.06259808094179288,0.2589657401275108,3.364420666177675,-0.08895010541902129,-0.056758833121607934,2.681959889128357,281.2428392411523,3.9204079075796616,285.16324714873195,1.095948326311708e-05
0.00202761527540735,0.08362504442405337,0.31801360604170176,3.039861974588669,-0.07986635096294614,-0.07687476304692142,2.386538654237124,281.40231965640527,3.183393208369524,284.5857128647748,1.2480899590965417e-05
-0.005453491339049836,0.06518769660810814,0.28903057980212254,3.3743047366198144,-0.08478040499129302,-0.07039853327953854,2.427567499119473,282.171242170532,3.4836147200828824,285.6548568906149,2.025877666124273e-05
0.020842129671205818,0.07060918507827164,0.35748190932435386,3.085873263643456,-0.09127899683422482,-0.07738476258975883,2.1791049874087047,282.37883075695544,2.8274557486186285,285.20628650557404,2.9408308197065203e-05
0.026058520682962247,-0.013078765914673822,0.23021122744092398,3.536319880272829,-0.09529426310313413,-0.07681388027074662,2.9070542217255952,282.49191176674714,4.348559574560651,286.84047134130776,3.2754568223670406e-05
0.05096589175808159,0.02921190370016002,0.23762923514494266,3.5117380127036077,-0.08989152996170183,-0.05111285953023645,2.8488726630580863,282.7151274975723,4.227407842676632,286.942535340249,3.707779798529083e-05
0.016073008182830015,0.04590208235804694,0.2189203679486281,3.782764095352994,-0.0987041914545477,-0.062089704610907834,2.8887534423340666,283.082252831446,4.581011792811008,287.663264624257,4.7939380413168295e-05
0.02426734977932992,0.029730217753532014,0.2610991451809507,3.4865797990205722,-0.09308773193386509,-0.060285207751071546,2.6491294401837377,283.0912462996047,3.838144916911811,286.9293912165165,5.4188179708943354e-05
0.01994104911847552,0.0891059421015777,0.2794679596760047,3.161003964118154,-0.08228528040999486,-0.08100428348336564,2.60382092783844,283.2373177871385,3.6245472436210533,286.8618650307596,5.5916513257917956e-05
0.03419036489806216,0.09084483215973548,0.27507332647631905,3.229429470684881,-0.09477951532844117,-0.059997420955775746,2.6338889636978235,283.48357103215903,3.6877374251004156,287.17130845725944,6.51132597147724e-05
0.009885639846683163,0.06467926885372033,0.23751261858790823,3.4084570828054543,-0.0798615016576163,-0.09715243516157285,2.8127892743120952,283.6469340149598,4.2340866947182745,287.88102070967807,7.578628832564103e-05
0.005549757933493173,0.07480802356382876,0.22516280016481552,3.7143616358119678,-0.0774527145129366,-0.08501721089350041,2.8668721281937373,284.0398452712555,4.47249229831293,288.51233756956844,9.684450475015413e-05
0.0567341274970626,0.0174934845002548,0.24189989535133313,3.5090717124817625,-0.06987196457761435,-0.07534105861989715,2.7479258503563284,284.05878581798794,4.153523561886486,288.2123093798744,0.00011117579513275275
0.06823642685906676,0.06692263231505521,0.2906826489901953,3.308761649613293,-0.08603879204326415,-0.08190115747308516,2.4766497597948183,284.4671728312679,3.4909269733585466,287.95809980462644,0.00013384008262269282
0.044149622818394,0.06130205862259658,0.3053544854420638,3.282486718836361,-0.07889630961177968,-0.08347001066986286,2.3939899749887736,284.75490398047884,3.3065885879015053,288.06149256838034,0.0001786669625342942
0.06174094796507891,0.02093137393900422,0.2516031721824414,3.4848937490342076,-0.09825634687680207,-0.07292534587039536,2.723819680056015,284.7551699819402,3.9981241710095055,288.7532941529497,0.00019449740070976432
0.030712065494893873,0.05445068278520927,0.28111633018562804,3.217884798386158,-0.06401192206609435,-0.08513838969341517,2.5798211094652808,284.7882509129438,3.578957919692574,288.3672088326364,0.00018837579542327942
0.01081618054684248,0.06848003230988461,0.22711206895016803,3.7168394178438087,-0.08358425107220717,-0.09567349371643621,2.805410587306004,284.89321706139407,4.429815348632463,289.32303241002654,0.0001924645676305302
0.018591746865751407,0.04230632681026923,0.3235508505467772,3.104575801411644,-0.08393269211080318,-0.056338346432422005,2.354309159596291,284.89456631682856,3.1025680529347484,287.99713436976333,0.00019304112191361727
0.04475603012838647,0.03201656294652505,0.25300746363263066,3.3045984021157246,-0.08526908857833106,-0.05168793620856963,2.753376870841115,285.07629361181125,3.969275695736319,289.04556930754757,0.00020230441134314606
0.07305529876729441,0.05130384699274534,0.23043574340949147,3.51699471436295,-0.0756558635673805,-0.09309152412795542,2.866755452073191,285.2283770083788,4.383877666329201,289.612254674708,0.00022738728979271173
0.0005821159420107158,0.032267646178412095,0.29983129486956245,3.2274651162469623,-0.09533797085007983,-0.06315025450924422,2.4326881951837906,285.29872222520066,3.340995221996162,288.6397174471968,0.00024148536465753867
0.015747641989011532,0.0744084295066949,0.26334897295397536,3.416434798344457,-0.09202993955863445,-0.06500949909180814,2.6755047640912806,285.52669017950797,3.829379513682182,289.35606969319014,0.00026855051053646504
0.04284959010359086,0.06171818153246411,0.2748443816045607,3.175843171070271,-0.08866684157699226,-0.08230170238595387,2.6848491686319402,285.6498022952679,3.6697849059636973,289.31958720123157,0.0003034449201601206
-0.002935310364035532,0.03824637789057336,0.23715742948100246,3.4425165684746215,-0.07895799017657673,-0.062422579090613786,2.7917423175937293,285.6791571822641,4.2247828135073835,289.90393999577145,0.00031133135028390565
0.05682561433330217,0.02794883373008395,0.23955037928472134,3.474474193226797,-0.07090750923221698,-0.08204267068199553,2.7702092952724016,285.8357800778682,4.196766609460936,290.03254668732916,0.0003263635714294629
0.032354821289614935,0.049652968791129605,0.2755062041486549,3.4333238653046716,-0.0956718874709705,-0.09183502341977433,2.5423440579365937,285.8834474965538,3.649194836192589,289.5326423327464,0.0003432941934054566
0.047163319522395684,0.02523268111272196,0.2241287802399488,3.5562292431314373,-0.08241171298246759,-0.08882666786747283,2.864892606040194,286.2363176700939,4.477615434654738,290.71393310474866,0.0004055592599232297
0.04067510363063714,0.052975034919614264,0.26068195011911555,3.3288884278767776,-0.08895418147422009,-0.0947778511972928,2.739483170569728,286.25412338052547,3.860874541470741,290.11499792199623,0.0004577713528873306
0.05096119615166122,0.025915016363672362,0.22660881601778515,3.5056028137502384,-0.09563411726435475,-0.08163305880004217,2.9914021456847015,286.31848021921394,4.431050043515249,290.7495302627292,0.00045447320022003245
0.0028004975944357765,0.057224488444371696,0.2470846568082441,3.3560500842564993,-0.09843265170035509,-0.0868262990159959,2.8410833901012724,286.7597495568436,4.065431886604694,290.8251814434483,0.0005706574478409766
0.043417439828319575,0.041519462991251456,0.25513853840112993,3.2277594361042046,-0.08630366994197652,-0.07341843203536494,2.7977608847812587,287.10191816944155,3.939488909786838,291.0414070792284,0.0007964283139914636
-0.013391500549618407,0.04292337745759684,0.2462505643019033,3.4829097460066407,-0.09023109523132503,-0.09029613293016392,2.7256020634307827,287.266333276101,4.072136336465137,291.33846961256614,0.0009662764589240441
0.06339737891951273,0.04088178442386331,0.2121793684520664,3.7239879178986306,-0.08850399577795334,-0.06389882262083771,2.9427732144408365,287.30670196919687,4.744607729050857,292.05130969824774,0.0010162555952690378
0.0015863345382855314,0.04500013293811337,0.21054286949122694,3.7021223219734867,-0.08893703853389417,-0.08901990386723632,2.94122669789525,287.5248588454584,4.760890583256968,292.2857494287154,0.001107750199434068
0.018356127953453236,0.06400495807126796,0.21426994868210972,3.6007143892517597,-0.08216379359249724,-0.0977442407953913,2.963146429997199,287.70435108914654,4.6916410433583255,292.3959921325049,0.0012846033614852743
0.02965604787558307,0.04994693856073826,0.22396399041907175,3.4646669150723817,-0.07822041881339688,-0.08302456529802586,2.914663116870596,288.29314465907424,4.483748927594661,292.7768935866689,0.0018673192022971837
0.03553660108801626,0.05129971966772333,0.24412686274899195,3.4565400719076167,-0.07260370885340756,-0.07727287669601483,2.724295443273846,288.3363110889335,4.117867078912179,292.45417816784567,0.0023377845134347507
0.02562591989119636,0.058238153651225325,0.2859044627389977,3.1963764942740784,-0.07489167873604606,-0.08159097890807204,2.5342261510916977,288.4537039752396,3.520162827260901,291.9738668025005,0.0024161658738995045
0.05828464579476408,0.06336282127058168,0.23345679751300233,3.3891456905771262,-0.08493730674906952,-0.0687233945370079,2.8961647171688556,288.72250634051363,4.324625259213003,293.04713159972664,0.0028116528847398586
0.0174158587748007,0.06424625590807419,0.2434480609571639,3.548986910552486,-0.09628479323932028,-0.06869741563571688,2.7726851884096124,288.74275343466985,4.132268426453261,292.8750218611231,0.0030665512400248982
0.012275035224929755,0.0759933102099734,0.25579462107821666,3.3171649214495993,-0.08290413940087568,-0.07896676230756469,2.713575899267048,288.95654574976993,3.94230668140916,292.8988524311791,0.003301689806933832
0.043259952336409266,0.018858656079488705,0.25419856858238665,3.456051480409427,-0.09016644389303088,-0.07165358687568137,2.668449455105986,288.986170180867,3.9463050834507922,292.9324752643178,0.0035316308434512455
0.005884199035911909,0.03764865091700679,0.22121761117370292,3.602473009817786,-0.08354966840376139,-0.08208034887369241,2.8749682672995105,289.1646329593993,4.528502673761519,293.6931356331608,0.0037467146095576257
0.01944698218896264,0.019536739557818036,0.24816267194467642,3.516083430391982,-0.09471343563610374,-0.08163904269482185,2.701213441646596,289.2653711943274,4.0338363941771505,293.29920758850454,0.004091787163463819
0.033111386280708956,0.02948889986203901,0.20548900811671006,3.8382874899002744,-0.09476975482538581,-0.08144200445643941,2.983040276396124,289.3945674091281,4.87736234226606,294.27192975139417,0.004375303613916008
0.048733244877664846,0.06442065110066042,0.23885805918993164,3.5156936415985687,-0.08160238153055804,-0.09340549040127866,2.786421747863283,289.4599055797604,4.222836528856805,293.6827421086172,0.0045855106558918375
0.022301144673846286,0.044396982327066965,0.3029789048199573,3.2091873689260684,-0.09606578375042424,-0.07416580304854381,2.4369068261528573,289.5731690388287,3.314273338650463,292.8874423774792,0.004780194833506625
0.05342190706445361,0.05565497850688369,0.20710673366773252,3.791185385909198,-0.07972514615833046,-0.0831066983597871,2.987753999638943,289.7078796922102,4.861491436958494,294.5693711291687,0.0051569335769973655
-0.0015359556515510218,0.04493717925627729,0.24523234802429433,3.373200377644471,-0.09270054798451348,-0.08497400528905333,2.8065742727795704,290.1590939228555,4.088997184323981,294.2480911071795,0.006736119639467727
0.035259463276024486,0.04996439989348698,0.2694272854885218,3.3309853331698105,-0.08471576887563478,-0.08500074328309912,2.6546552982981435,290.17681489188953,3.7323525195283436,293.90916741141785,0.007908708111539833
0.01114134389282883,0.020912534728680838,0.24811072421198493,3.415697096665331,-0.09571127585487711,-0.07574642193372799,2.7790351056913054,290.2758348682423,4.03357783383873,294.30941270208103,0.007994314639858998
-0.010267640425800133,0.03600630994812971,0.21706608046035936,3.625024471732198,-0.09304332102244875,-0.06927500323315637,2.949533089893535,290.49238370003354,4.614680263702109,295.10706396373564,0.008956235530454623
0.015275739865018683,0.018323749194215505,0.22815090195143403,3.6016558517618167,-0.09550689350811076,-0.07600106485584003,2.873153835487511,290.63746569677664,4.386225689658476,295.02369138643513,0.010187421610224763
-0.008350746574513521,0.04523035279600999,0.2227302655231026,3.564377869840893,-0.08829303231685724,-0.09071323714073729,2.936299714529316,290.7548729528561,4.501488477279427,295.25636143013554,0.011052995988763583
0.014857620520776691,0.06138644758492684,0.23263767161749982,3.615258192524178,-0.08389626340627437,-0.07635314427980767,2.780872463270572,290.8181242822362,4.320691314722697,295.1388155969589,0.011507725457429587
0.02074946040106121,0.022098366052451537,0.2475971392608219,3.4630308012039133,-0.08437422853454091,-0.08164675936544827,2.7186685005642732,290.86807435681317,4.043923754412989,294.9119981112262,0.011595776794435336
0.045440464434012,0.039185786241043595,0.2138409798517273,3.623188959259798,-0.0831637008284391,-0.06167534491230156,2.966653365469506,290.8826655607007,4.696374146513454,295.5790397072141,0.01140254078313986
-0.00047261149956441816,0.06304741420403252,0.23740125829262776,3.4873558066261885,-0.09096579242726399,-0.08900007711948106,2.841835744739533,290.8836269810509,4.234362032724363,295.1179890137753,0.010944049206785872
0.021502718542961895,0.03509526411844368,0.28433288694819975,3.2381963026502434,-0.08694916320892469,-0.07921900755826428,2.5623105865277864,290.9971061610775,3.5264157072958846,294.5235218683734,0.011054468166135934
0.0517890146079833,0.03535289833545594,0.25332377080008434,3.3628622190746817,-0.08010404045701418,-0.07635541990967012,2.7287984168680968,291.0634035577194,3.9693614798949284,295.03276503761435,0.011506053857586787
0.04144161093590094,0.02954412361897119,0.25356984510565894,3.40025012555272,-0.07801125216782748,-0.08185016458490728,2.7220018342297303,291.07361619975586,3.9580769452181164,295.031693144974,0.011379368034015569
0.035913402497392256,0.07731794104142123,0.21708905016806618,3.7132815395056737,-0.08605254610226568,-0.07540598858287449,2.9312936211308376,291.08727296487746,4.64678147257262,295.7340544374501,0.010967723251119754
0.04894848636670622,0.0637184812201989,0.22267000219407596,3.6083629286242402,-0.0791865326978445,-0.06777679871182181,2.9210326472702963,291.0954425587247,4.52681735205559,295.6222599107803,0.01055990998824093
0.0305798695621908,0.044971402385158364,0.23998971705095473,3.5467522317864817,-0.08747679141400773,-0.0926297303190659,2.780486527829166,291.288890455119,4.1832760613753575,295.4721665164943,0.011175741346142314
0.030202977877335464,0.04827361723288027,0.22716733725159838,3.598607071772859,-0.07339414415555638,-0.0845003095878254,2.857320969780688,291.3224389563434,4.420055530688203,295.7424944870316,0.011868925810704648
0.04893062887552371,0.04893730672897604,0.22102636524534178,3.5096029329914105,-0.08419122745354758,-0.059484364681367044,2.984965613164719,291.43095833687653,4.550953048957538,295.98191138583405,0.012152053151646242
0.020479052824871384,0.08327355732711372,0.22824226828410119,3.556882471866622,-0.09434220298257136,-0.08304256212684086,2.87597990189011,291.4815643043223,4.422164291639622,295.9037285959619,0.01251739654177857
0.035273497771864996,0.04634956159310254,0.27588086880877716,3.316332593131572,-0.0895695519976757,-0.07207351734059747,2.591997558517618,291.6554910212326,3.643600205727236,295.29909122695983,0.01338389405834403
0.028202718960765993,0.030117053481999063,0.2719029782855318,3.3170657695659878,-0.08345243031783851,-0.07608382216966053,2.6052238741259126,291.68497610254923,3.6872403898927897,295.372216492442,0.014059522075655825
0.021566507898026256,0.034700837277339275,0.22900714316686274,3.603613722709764,-0.08401774640157597,-0.08146273149967832,2.8180591228307064,291.7057201992587,4.375949697760902,296.0816698970196,0.013729810808868516
0.03657636611101444,0.05626121125383219,0.25626860024540304,3.413147305411406,-0.08089623345467405,-0.08415388598786289,2.7074690511170223,291.80851320882425,3.927173305968461,295.7356865147927,0.013926789114950044
0.05584944133886858,0.07211491381728538,0.21791281699466902,3.5574980183547003,-0.08162635251748324,-0.07444782680385663,2.9769473615665216,291.8276791870138,4.635211873664998,296.4628910606788,0.01407963301861598
0.04482162002232274,0.047332165701321385,0.22090994074260695,3.498787721724929,-0.07301835835086505,-0.0692647179349535,2.9818762394872005,291.87776023540107,4.550338843219667,296.42809907862073,0.013885292695583487
0.028891762495528068,0.03605628068280672,0.2265376035101361,3.495858652458419,-0.07835462549824747,-0.0768026651094176,2.8882914748296087,291.88510701971427,4.426138120100123,296.3112451398144,0.013605133958055076
0.04306684437290925,0.04090416513735428,0.23023911471526906,3.474405745077333,-0.09746653178079617,-0.07681105592147856,2.9365636330583436,291.887579915542,4.362910119999485,296.2504900355415,0.013020967097146624
0.013616674371462006,0.05648586949138937,0.2394948313938965,3.495184372879219,-0.08574232349362353,-0.0696651819251279,2.766262648164429,291.92100890211043,4.194211383510425,296.11522028562086,0.01262729328626881
0.028615770249518325,0.03218752906594038,0.22545365228588624,3.639845227485992,-0.0848258279169281,-0.08439367969965574,2.891754802410098,291.9224591566318,4.445806439108218,296.36826559574,0.01223585582963167
0.02728497035950685,0.07232836785661997,0.22703551735211572,3.4600200034899764,-0.08236619174923536,-0.06579430896927657,2.931185058782055,291.96260912948156,4.437796417830447,296.400405547312,0.012495542535243135
0.012382396807029352,0.04767916754771402,0.23411934524330066,3.4941587737640205,-0.08750752084940072,-0.09313299765549228,2.850212654133808,291.979734827437,4.284807061462974,296.2645418889,0.012856441768487797
0.02702412056256514,0.05286932359707347,0.23867665863156043,3.475417504989951,-0.07992259500125856,-0.06863712794079574,2.7833042449571987,292.102967359697,4.20935466210799,296.312322021805,0.01381679010951937
0.04041251395080819,0.030137343874468734,0.21396728257539566,3.6583797819368766,-0.08347853082339096,-0.09108251927523121,2.9752577884874745,292.19696108730864,4.6877307820324035,296.88469186934105,0.01538979336649913
0.02076117494849634,0.032417643914218065,0.2243211047410989,3.511602946390838,-0.08518472037035164,-0.07763444444622657,2.9041115827160127,292.19741614369764,4.466128251182566,296.6635443948802,0.01611620025103138
0.05218742682924215,0.03782386087434082,0.23110835231538304,3.565740959481075,-0.09111954405226012,-0.07447828084402063,2.864338357611503,292.2828535355123,4.350053461609134,296.63290699712144,0.01683875975215868
0.01979316193265417,0.058784568173489135,0.22224066428469785,3.683300598045095,-0.08993631954004931,-0.08331381689314664,2.9024126986209557,292.35209366593654,4.5210009943061005,296.87309466024266,0.018187037353108258
0.04751024850004718,0.02674623117430631,0.22695364863442552,3.502883602199102,-0.08171822178331528,-0.07095368829810872,2.9192968540941386,292.39718136771637,4.422700406172655,296.81988177388905,0.0192503253016777
0.02106663009047856,0.0547707119217694,0.2494037152131465,3.361975473784849,-0.07700438061047582,-0.07478922350622624,2.7712941706405845,292.52538918062896,4.02869466537063,296.55408384599957,0.021030523352252035
0.011216754195332364,0.05000391537948633,0.2609341204880165,3.380452322791508,-0.08432703292675384,-0.0789248644388567,2.670937228857291,292.7219126758839,3.846975003780503,296.56888767966444,0.024806537228119388
0.018134217444021487,0.0772909835890371,0.21201509895811302,3.6657129987916632,-0.08010707467595157,-0.07737166815693147,2.9834026974941685,292.7552326565608,4.7516604610068285,297.50689311756764,0.027697656006538396
0.030421460366464377,0.05161751703901877,0.22487489054540094,3.4672667290519277,-0.08259184325210038,-0.08669112231062694,2.9509469465936307,292.817946705466,4.466860635645824,297.28480734111184,0.029070315959357038
0.028435285928103692,0.03828264191588673,0.26539750817059354,3.316045931575539,-0.08785067512451533,-0.0749779616666913,2.656149935741526,292.86288214135527,3.780566924361036,296.6434490657163,0.030670557422964265
0.02481650088108918,0.049226711725626586,0.21745295267328374,3.52108251562796,-0.08817136607261385,-0.0719197682181055,2.977604580881611,293.0467815852212,4.615579934940464,297.66236152016165,0.034525205342779024
0.03423665203618807,0.07430545186354108,0.2321160394588284,3.4892461725271513,-0.08973191019530143,-0.08089655658446296,2.8921389080114697,293.1698911237702,4.345375824951524,297.5152669487217,0.040159780334546
0.024732140188121327,0.01994274762064893,0.22104170012243793,3.575476309056211,-0.09275908018542017,-0.0750002573685181,2.956444784143534,293.2405883488607,4.529640978524479,297.77022932738515,0.04419009725254587
0.020515245764888803,0.03329423382456918,0.2332166943569597,3.467675681729737,-0.08557266962343377,-0.0744700013005372,2.8504661183442153,293.3224596382537,4.296354268575331,297.618813906829,0.04770317581591615
0.02877292243831451,0.04434365543284631,0.23762009288269237,3.4647453563268042,-0.08936357916579807,-0.07984082196139553,2.812996884065686,294.0238853877619,4.223921881560132,298.24780726932204,0.0748950463692164
0.017560015055008406,0.056259771492634565,0.22687395297007124,3.47062420894515,-0.08414412003933551,-0.0814946979074161,2.940765029449607,294.15503996980726,4.427031151555615,298.5820711213629,0.1071519243820422
